id,name,lat,lng
2,KB9JHU,39.236,-86.305
6,Apomahon,38.048,23.739
26,SV1IYO/A,38.395,21.828
34,M0SZT,52.997,-2.195
37,DL4PD,50.75,6.216
39,CGBSAT-VHF,52.834,6.379
71,PV8DX,2.811185,-60.680964
77,N5CNB-VHF,29.85469,-96.53481
85,Alfeld,51.974275,9.865161
91,M0EYT / 2E0NOG,50.77,-2.02
142,CWVRPi3vhf,38.353,-81.687
147,F6KKR,48.635,1.829
150,OM1LD -Needronix,48.033,17.387
158,VK6SAT - UHF,-31.763,115.759
167,G7ODQ-pi,50.741,-1.825
168,SM0IFP,59.22,18.179
183,SPUTNIX-R2ANF-VHF/UHF-stationary,55.693167,37.347033
191,7J1AJH,34.9702,139.0936
201,KO2F-UHF-1,38.555972,-78.062523
207,AAUSAT GND,57.014,9.986
310,VA3TZA,43.229,-79.759
329,CU2ZG,37.7423198,-25.5565093
331,VK5KJP-UHF,-34.87,138.5017
342,EA5WA Pobla Llarga,39.104,-0.458
355,Black Mensa Ground Station,48.267233,11.670682
365,DS-1 (VHF),52.216,4.417
375,"AB3DC - Detroit, MI",42.408,-83.441
385,52HancockSt,42.4557,-71.2279
430,Leonidio,37.1580041,22.8930827
431,PE0SAT-11,51.721268,5.029968
432,kc1fha,42.845241,-71.500635
438,Timisoara - VHF QHA,45.7469,21.2125
446,IK1JNS-VHF,44.04,8.22
452,OZ1SKY,56.278,10.266
509,F4KLD,43.563,1.469
551,lu1esy,-34.650915,-58.64452
568,VK2BYF-VHF,-34.85,150.6
619,Amfortas,49.224,10.729
642,k8zk,35.002496,-80.753271
657,ZL2MST,-40.95972,175.6575
673,CT7AFR,41.70158,-8.82569
733,VAUBAN-IEPER  ON7XX,50.849058,2.898784
754,W6MSU U,38.054,-121.361
760,KD5QZG - VHF/UHF,30.179,-92.054
763,Harwell,51.6,-1.291
766,Dunchurch,52.342463,-1.290348
804,S59MZ-UHF,46.258282,14.386951
812,PF_DE_UHF_X_DIPOLE,48.886,8.693
834,Valpo WIRED Lab 1,41.462,-87.038
858,SM0TGU - VHF UHF,59.453,17.89
897,DS-2 (UHF),52.2155,4.4174
939,IU3IOK,45.605,12.243
984,KJ6DZB Ppi4 Ketchup,37.8776,-122.2978
987,LA4TSA,59.957,10.762
1000,Avia S,36.96078,22.14468
1032,Bad Homburg,50.217,8.641
1042,VK3XN - VHF,-37.817,145.275
1052,KF5IDY RTL-SDR Egg 2m,32.95,-96.84
1058,DEOS_RALF,43.5649,1.4751
1118,sp8ncg-rtl1,51.25,22.5
1156,"VA2WBT - Montréal, Canada",45.536682,-73.619774
1187,Campus Borsbeek,51.196177,4.491734
1190,om3tps_home,49.01,18.29
1213,KE0RWZ-Mini-PC,37.8669515,-90.5912316
1298,primoz,46.0531,14.3064
1312,ESOC UHF,49.872,8.622
1330,VK5ALG VHF,-34.864,138.635
1343,EA1JBS - StationPueblu1,43.3804059,-3.8537428
1346,The Garage,56.972489,10.104595
1376,Venables_Shed_UHF,52.6619,1.3322
1378,Harvard-Smithsonian Center for Astrophysics,42.382,-71.128
1400,F4GPM,49.267,1.053
1416,PE2BZ-437,52.0,4.2
1425,Eddyosp-UHF,19.31,-99.149
1438,WB7BBU,45.6495,-122.5417
1442,KC4LE 2m/70cm Open Stub J-Pole,33.323,-86.888
1461,VE2DSK-VHF-UHF,45.651,-73.564
1492,Archenhold,52.487,13.475
1519,Not Quite ESL,38.58,-90.0
1533,SV5QNF - UHF,36.102207,28.081458
1539,"N9CQQ-EN52-Muskego, WI",42.918,-88.131
1561,"KK6NOW - Palm Desert, CA, US",33.718908,-116.39262
1585,Malyi UHF,48.017854,20.797475
1586,BMGP-01-435,48.686,9.806
1592,PE1RXU,51.594,4.923
1594,VK2PET #2 Trial Station,-34.743,148.84
1616,TA2NMU (QFH-South),39.949,32.901
1650,station-01,17.983333,-92.925
1662,DK0SB-VHF-Omni,51.427722,7.194128
1675,MAUSyagi,42.299,-73.334
1682,N5ZKK-VHF-Helical,30.05973,-99.15139
1696,PE0SAT-31,51.721,5.03
1697,DD1US/1 VHF-Omni,48.1188,7.8616
1698,DD1US/2 VHF/UHF/L-Omni,49.2233,9.3814
1710,EU1AEM,53.907,27.17
1712,sat-cnt,50.294,18.682
1729,CSPDHQ,45.239,19.809
1731,G6KVE - VHF Omni,52.952,-0.305
1763,M2Mstation,49.143329,19.489134
1765,CHESAPEAKE WX,39.209084,-76.066594
1768,EA3AGB,40.688,0.573
1861,LW2DYB,-38.28,-57.854
1864,SA2KNG Omni UHF/VHF,63.854,20.208
1868,HB9FXX S-Band,46.64,6.636
1889,EI0RSI - Radio Scouting Ireland,53.64774,-6.67057
1936,VK4JBE-UHF,-27.492,153.069
1977,Canopus80,29.575077,-95.114356
2012,SP7THR-UHF,50.567,22.074
2015,Drachten,53.1094,6.1076
2029,EU1AEM,53.91,27.09
2032,Lebakaas Ground Station,48.2662,11.6683
2051,MAUSyagi-AK,64.7941,-147.536
2097,KU4YJ,34.71426,-86.75529
2107,JH4XSY-pi,36.0697,140.2072
2108,YMCF,-27.33,151.51
2125,M0GLU,51.099,-0.217
2128,9A3XK,45.316003,18.409289
2134,MAUSyagi,40.009,-105.248
2135,Groundstation Villa Elisa,-34.851452,-58.087396
2138,OM7AAK,48.336,17.448
2141,sdca-1,32.971,-117.081
2148,KK6OAK Oakwood School,37.103,-121.634
2152,Tokorozawa VUHF-Discone,35.797,139.483
2178,DIYSATELLITE,-34.747,-58.333
2183,dk3wn_70cm,49.7318,8.9548
2198,LU6APA - GAP Station I,-34.6074473,-58.3910598
2202,EU1AEM,53.902,27.047
2242,Kevin_Testing,25.024516,121.527312
2247,Mainz435,49.977285,8.231502
2271,EIRSAT-1 GS - UCD Physics,53.314,-6.235
2272,DG9MA,48.363,10.312
2303,Rhodes College,35.118,-89.971
2312,W9TTY,41.96,-87.68
2379,CIS Station,25.12,55.377
2381,Piszkesteto VHF,47.9183,19.8933
2410,GAO UHF,47.25833,16.60462
2434,MTL (VHF),45.5,-73.6
2459,EA3GKP Taucho-Tenerife,28.152591,-16.728621
2520,LB-HN,21.0,106.0
2530,SS,39.032,-76.969
2545,AC Schönforst,50.7636,6.12531
2561,S51BW-2,46.5224,14.8461
2575,KC3QNJ,38.308,-76.474
2579,K9YO-UHF/VHF,42.28,-87.97
2617,K2PI,38.697,-77.805
2634,Canadian Prairies SatNOGS,51.131,-114.235
2650,9V1KG,1.338,103.934
2685,VE9EX-1,45.88201,-66.76792
2701,MrMoo,48.87074,12.361519
2729,YL3GBC,56.964881,23.602942
2766,MXL-LowCostGS,42.29322,-83.71073
2769,PARSEC 1,53.68847,9.81196
2783,Eddyosp II-UHF,20.650459,-103.399798
2798,N3LD-2,42.06,-76.2
2881,PARSEC 3,37.308828,15.121621
2882,PSU-EB  Observations,45.509,-122.681
2914,I2OIM,45.316,8.84
2925,hb9mfl_2m-Band,47.212456,7.621808
2937,WH6GVF UHF,19.415,-154.892
2968,UX5UL,50.359,30.388
2987,VU2JEK_Nitin,13.1458,77.5417
3004,UB3ALB-1,55.575928,37.142732
3010,BV2DQ /WJ2I Beam Taiwan,24.894,121.274
3015,M0JFP Staines Space and weather UHF,51.438,-0.458
3020,Jim UHF,42.89853,-74.56894
3021,LSTN Station at Gates County Public Library,36.408,-76.756
3056,2E0sud-pi1,53.642,-2.646
3067,HS-MarsOnEarthProject-1,39.844,32.779
3068,Mahanakorn Ground Station,13.8422302,100.8554904
3080,MVP Aerospace Highland Ground Station,57.61,-3.62
3093,Nekosat (QFH UHF),38.353,140.822
3098,N1JFU,42.039621,-71.063597
3106,DEX-ONE,50.469,5.718
3107,EI9HWB,52.243424,-7.074098
3118,KD9MSN,42.047,-87.735
3132,WD8EBZ - 70cm,42.248601,-83.236255
3135,NSF NCAR HAO IG: Teegan Station,40.03241,-105.24567
3153,EI4FNB UHF Omni,52.74,-6.89
3161,TA2NMU #3 (Turnstile),41.0053,39.2978
3164,test999,-20.74,116.807
3166,UVSD-SatNOGS,48.4612,-123.31053
3168,OH2UDS- HS-MarsOnEarthProject-4-Finland,60.146,24.708
3184,SpaceTeam TMW,48.191,16.318
3188,N0NQD-SatScanner,45.289,-93.747
3216,OHB HELLAS,38.03960606459199,23.79750602160133
3229,StreetDirt VHF,52.2179,5.1645
3272,ea6tc,39.5585,2.7804
3299,StreetDirt L-Band,52.21,5.16
3315,PARSEC 2,51.4962,11.9706
3327,GYM-PU,49.120108,18.325704
3336,YL3CT,56.857,24.709
3338,EIRSAT-1 GS - Dún Chaoin,52.132,-10.447
3347,Woodbank.,52.465,-2.603
3348,JMUW - Raumfahrttechnik - UHF,49.782,9.973
3351,GSUniTue,48.534,9.07
3355,WA6RSV,34.14,-117.87
3381,MacPherson_RSS,41.846,-72.471
3385,ZL2CWA Hamilton NZ,-37.734,175.23
3387,YO4DFT- S + L band,44.141,28.617
3478,VietWeather,32.23,-96.07
3480,ExpoSat-VHF,43.527,-5.665
3533,UniLu_CubeSatLab_Observatory_UHF_Tracking,49.626,6.159
3538,PU4ELT,-19.861,-44.619
3582,CCU Ground Station,33.796348,-79.011117
3584,sat-rx,51.904,-8.664
3590,EuroSpaceHub-UCM,39.569,-3.186
3598,Weißblaues Ufer,48.498,11.938
3610,ka6akh-ground-station,38.8246,-77.14037
3625,ZS6ETA,-25.8485,28.2124
3630,KB9LEB,29.024185,-80.978929
3632,CatSat ARB,32.237099,-110.951012
3634,ZR6DM @ Hekpoort,-25.859,27.619
3652,Uckermark,53.229,13.267
3654,SPL-NCU,24.9678,121.18752
3659,F4GMT-Satnogs,43.46,-1.36
3677,SOBE01,49.249358,16.616025
3689,DF0OHM Turnstile VHF (Test UHF),49.45262,11.09435
3691,M7KBB,50.917,-1.346
3703,KARS - 9K2RA,29.308892,48.018918
3715,Gooseberry_Hill,-31.951,116.04
3744,EagleSat,34.615,-112.45
3746,SatNOGS_Pecna_1_UHF,52.18,16.801
3782,i9std,41.545448,-8.426507
3797,W0QQQ,39.18932968665389,-96.58303544419022
3799,VZLU-PRG VHF Omni,50.132431,14.515841
3805,TSC_NARIT,18.854,98.958
3806,DK6RS,48.98756,12.05716
3843,UR5RFF - Slavutych,51.53,30.763
3852,ADHITO GS / YG4SLJ,-5.36,105.3
3860,GordonBase,-35.28,149.12
3863,VK2RZ,-33.729,151.264
3881,9A6NND VHF/UHF,44.12,15.22
3885,HA2ZB,47.6662,19.6496
3905,LW1EXU-GroundStation,-34.994505,-57.851675
3925,UT4UYF/P,50.559,29.914
3930,south Budapest DIY,47.43717,19.13605
3944,(M7GQV) Crystal Radio Receiver Earth Station,51.5857,-0.3543
3949,K7HAK Collector,46.53628670494956,-120.69954428405968
3951,UT4UYF/M,50.559,29.915
3952,UT5U**,50.436,30.545
3968,Skyscan-discone-25-2000MHZ,43.667,1.196
3974,Satnogs1,55.7698,37.691
4020,GPS_104,17.413,78.596
4023,Damanhur_Sentinel,31.029893,30.456294
4035,dl0odx_70cm,49.65,9.064
4043,South Australia - VHF,-33.96289,138.64522
4045,DJ9fba-SDRPLAY,49.2169371,7.01402
4058,AttilaTDK,47.49094,19.07776
4072,CH-CR,46.5503,6.5739
4086,Hawley Tx,32.657,-99.844
4126,R1CDM_UHF,60.104,32.292
9,Talos,35.501,24.011
12,W2BFJ,42.744,-71.538
16,VK5QI-70CM,-34.7207,138.6927
36,oe8rke,46.839,15.012
62,ZR6TG Sat Ground Station (UHF),-26.709,27.834
87,M0IEB/M,51.245,-0.558
106,BEEGND-1,52.074,12.463
152,SOSA-OBSPE,48.63,18.341
171,IQ1RY ARI Sezione di Bra,44.699353,7.8365017
173,DF3LZ,53.451984,10.221032
280,Grove-UHF-02,42.314,-71.448
285,F6CNB-UHF,48.69,2.14
378,LRG Ground Station,48.0468,11.6581
380,jle-tum-VHF,48.2667,11.6681
384,PI9RD,52.812,6.396
389,IFSC,-27.608,-48.633
394,DL0XK,49.4257164,7.7575714
399,"SV2SQN Patras, GR Station",38.22223,21.74345
462,Universidad UTE,-0.183,-78.493
663,"KB4NKO - Jonesboro, VA, US UHF",37.786568,-78.983486
667,Colossus,52.198,5.408
781,DE-FRE-VHF,52.483,7.55
837,Gray Eagle,39.963495,-85.929823
843,BEEGND-2 (Broken),52.069523,12.672224
868,Welland,52.594,-0.541
869,White Rock New Mexico,35.8185157,-106.2119891
901,VE2WI - UHF,45.419841,-73.464994
977,Archodiko-UHF,36.97059,22.14474
1089,ZR6AIC Ground Station,-26.285298,28.070619
1098,LZ2SAT,43.413,24.618
1137,MANU F4HSE,48.042,7.413
1159,Villanova CubeSat Club W3YP,40.038,-75.349
1231,Hanoi satellite station,21.037588,105.813008
1371,EX-EN90-VHF,40.412,-80.013
1379,MSparc-EvoMetric,53.225,-4.263
1382,ITR UHF,-34.813,138.62
1509,N9NFB VHF,43.028435,-88.250514
1667,AAS Berga Carballada,42.09,1.859
1672,AAS Ager Carballada,42.019,0.7444
1730,Marathon Library,30.208,-103.244
1770,CHESAPEAKE VHF,39.223219,-76.069605
1775,Vi3w Roy4l,48.454598,-123.441462
1818,F5LZN,44.1797,5.103
1825,VK3YYZ-UHF-Omni,-38.30873,142.35114
1882,Windell Jones' SatNOGS Groundstation,20.0411,-155.5976
1885,CHESAPEAKE UHF,39.218626,-76.079156
1950,KG7ZVV Satnogs,45.5041,-122.7844
1961,Vi3w Roy4l NOAA,48.455,-123.441
2031,Astre'Nogs Nanostar ISAE-SUPAERO 01,43.6044,1.444
2083,Biblioteca de Santiago,-33.444,-70.679
2102,Schönherz Dormitory,47.472784003307275,19.05277409626045
2161,mm5aes-1,55.899,-3.692
2210,AarhusUniversity_UHF Satellite Ground Station,56.17188,10.18835
2225,SP6HFE-UHF,51.034,17.131
2299,ConSat,53.21959,-2.74472
2320,IESTrinidadArroyo,42.00955,-4.52406
2334,M7CBR - VHF Turnstile,53.728,-2.356
2380,Piszkesteto UHF,47.917,19.895
2386,"K3TZ - Palm Bay, FL",27.943,-80.668
2449,PE2BZ docker test usually L band,52.0,4.1999
2470,ExpoSat-UHF,43.535,-5.661
2475,INTEC_INL,18.487769004043223,-69.96347826487384
2515,SDR4FUN_SatNOGS_01,40.613,-3.711
2536,Reindeer,35.339,139.487
2550,USU GAS Yagi Az+El,41.743,-111.807
2591,plat0-1a,41.57,-87.812
2609,KJ7SU - Subprime,45.462,-122.727
2627,Roane State Tamke-Allan Observatory,35.8326294,-84.6178183
2641,G6UQZ,52.079,0.582
2700,LX2MT,49.736,6.118
2704,N6MTS UHF,35.122,-120.57
2726,SSSRC_UHF,34.54609,135.49849
2727,Konkoly/Masaryk/CARS Svalbard receiver,78.223,15.659
2743,AldingaBeach Ground Station,-35.279,138.453
2760,M0KSF-BB,51.243,-0.589
2828,Gemini_UHF,22.99757,120.21868
2869,BEEGND-78N,78.217,15.633
2874,WVU ARC W8CUL,39.644564,-79.971913
2888,IPL-SDH Testing,33.418178,-111.928441
2908,Waterside Wilson,-32.028,115.912
2909,Jagiellonian University Ground Station,50.029,19.904
2913,Sagax-1,47.523,19.065
2931,MXL CSRB Station,42.293,-83.711
2935,BX6AP station 3,24.916,121.674
3016,ai6yr-skyscanner-440,34.169,-118.942
3044,UNB Earth Station Fredericton Canada,45.94994,-66.64249
3045,FHWN VHF/UHF,47.839,16.248
3052,GUMUSH Ground Station,40.91436,29.30105
3077,DJ7NT / JO30oo,50.609,7.225
3099,ASU-Interplanetary-Lab-SDH,33.422,-111.932
3109,OK2KVL,48.987357,17.178515
3117,RA3PPY,55.431,37.519
3122,Lovets,42.687,23.307
3123,CatSat RadioRanch,32.265,-110.808
3127,Balastya,46.424,20.005
3131,RR01,30.50906,-97.72663
3150,Valpo WIRED Lab SatNOGS-Kit-1,41.436,-87.038
3218,Keystone01,64.925,-148.26
3264,HA1YME,47.3666,20.6333
3288,hackerspace.gr - DEV,37.9991,23.7065
3291,9A4VS VHF/UHF,45.0769,14.6744
3401,F4JIX,43.689,7.237
3409,VE9EX-2,45.88202,-66.76792
3420,ITouch-FI,37.042,35.36
3426,G4TNX,53.55044,-0.0220931
3431,tony,42.45529,-71.22807
3437,EA1DIW_TEST,40.968,-5.668
3448,Deutsche Schule Bratislava,48.16794,17.09766
3462,G7UOD-SAT,52.131882,-0.502428
3549,OH5GLW,61.221,27.702
3553,GS_AM01,40.223415,44.545377
3695,MLB-CC,28.06,-80.62
3714,Forrest Airport,-30.858,128.115
3742,rommac uhf QFH,33.6452,-111.9803
3748,PE1JPD UHF,52.21,5.17
3762,F4TNK-UHF,43.81477,4.06576
3783,TREBOR 81400,44.056457,2.146892
3794,SPUTNIX-VHF/UHF-Murmansk,66.97,33.099
3800,Zdanice,49.06572818616845,17.038031717626836
3801,DL9TK,53.83555,10.34107
3803,DP0GVN-VHF,-70.658667,-8.284667
3810,Sn4ps,-40.937,175.668
3815,OE1XTG,48.23654118767586,16.369718373151926
3821,Observatorio Espacial Ciudadano - LABNL MTY,25.673570232964533,-100.30895986191264
3904,WA3YDZ,39.938457,-75.337311
3917,Binar Groundstation,-32.007,115.894
3921,UW-Seattle GS1,47.654,-122.306
3929,Facultad de Ingeniería 1 y 47 - UNLP,-34.9072,-57.945
3939,DF0HTE-VHF,48.74512,9.32225
3948,GS-ATRG-INOU-400-470Mhz,42.344,-7.851
3961,KukJe-Station,36.474459,127.374849
3965,SF-Station-01,37.794,-122.406
3970,UWT AESS,47.243743,-122.436977
3988,QFH,32.2510673,-111.008898
3991,CSUM - F4KJX,43.63648,3.84311
4022,SPUTNIX-VHF/UHF-Magadan,59.589,150.832
4030,USU GAS Dish,41.742714,-111.807429
4046,M0XBC,50.903471,-1.244704
4063,GS in development,51.2072,17.4054
4073,Eldrún,49.2244,10.7285
4084,Sternwarte Sonneberg Turnstile VHF,50.37722,11.18972
4087,GS PAKUBUWONO AMSAT-ID,-6.235,106.793
4094,LZ1GNU,42.64972,23.36055
4106,DB25BIT,49.97,6.49
4131,waag satnogs kit,52.373,4.9
1,Hackerspace.gr 1,38.01697,23.7314
4,SV1IYO,38.024,23.733
5,oe6xug,47.058979,15.460038
8,SV1QZZ - UHF #1,38.022,23.828
10,YFK,37.956,23.765
11,SZ1SV,38.0047,23.70054
13,OZ9AEC (SDR Makerspace Test),55.634,12.601
14,FACT,53.402,-2.978
18,VK7HSE,-42.992,147.31
21,Avia,36.96089,22.14489
22,Ferns-1,43.283,-87.977
23,Binar-SN-01,-32.064875,115.85455
25,N7IPY,38.771,-121.29
27,NB3T - VHF,37.194,-80.489
31,GI7UGV - UHF,54.594,-5.713
33,G7KSE VHF,54.488,-3.588
35,LA1NGS,63.41817,10.39957
38,Technikraum Lanzenhäusern,46.83588,7.35018
41,Chicago1,41.84,-87.64
43,Chartreuse - Rotator,45.268,5.608
44,IAC Testing,28.463938,-16.262598
45,Saurav Paudel,27.6162,85.5399
46,DE8MSH,53.05561,8.89172
47,DB0RV,47.807,9.633
48,ESAC Ground Station,40.4442,-3.9527
49,OZ7SAT,55.632602,12.600354
51,G4DPZ VHF Turnstile,52.467,-2.022
52,KC5DP,30.5862,-90.498159
53,Schinderberge 70cm,51.932131,12.710188
54,IntimelyEights-vhf,42.293,-71.15
56,ZL4VBJ VHF,-46.2129,168.3334
57,Selinia,37.931,23.528
59,Aardvark Station #1,49.217,-122.91
60,Bart Mercier,49.038474,1.94413
61,teon,53.378957,14.469831
63,F4IIL,44.752,4.822
64,Dale Kubichek,40.330361,-84.216254
65,QG62,-27.8635,153.3152
66,KE8FZT - UHF,42.209,-85.6075
67,Massena,43.641937,3.929062
68,OE9CPV - stoffl,47.094166,9.900062
69,VJTI Satellite Club,19.022,72.857
70,OZ6BL-VHF,55.83904,12.39592
72,Rokantiskes,54.705693,25.379382
73,Gruna Test Station,51.03004792,13.77913526
74,Rocky,41.706047,-73.8954
75,N8BSD-VHF-1,36.06,-115.18
76,Herzogenrath,50.836273,6.071981
78,DO9SD,51.45274,7.96972
80,SV1RVP/TEST01,37.955646,23.719981
82,SV1RVP/Portable/Hamvention,39.7,-83.939
83,YO3GCF-VHF-1,44.626,26.124
84,AirDivision_UEM_GroundStation,40.372993,-3.919725
86,Victoria and Albert Museum,51.4966392,-0.17218
88,OZ3RF TEST,57.013805,9.987389
89,ka4jwb-fixed,36.848,-87.55
92,APN01,45.053,-83.458
93,GS UVA,41.6621,-4.7055
94,AHV-VHF,-34.448,138.383
96,VKSDR VHF/UHF,-33.62,151.33
97,RIYADH1,24.7708,46.7083
99,VK5JO-2M-TEST,-34.828889,138.499167
100,SV1RVP / NOA,38.048058,23.864377
101,Marcs,48.64358,2.231068
102,PA3RVG VHF,51.472,5.558
103,DINO,14.746722,121.03722
104,DJ0LRC,47.801,9.41133
105,KU2Y,40.03,-75.34
107,Hamvention Demo Station,39.700479,-83.939205
108,bg8ixq,29.612517,106.512097
109,EA6WQ - Tomas Orzaez,39.5666,3.2095
110,ok1phu-1,49.763,15.919
111,Lacuna1,52.102,5.1797
112,9w2gee,1.47389,103.77019
113,WA4OSH-VHF,47.4913509,-121.7843942
114,st1,50.258198,19.577813
115,Tester1,42.4140158,-71.123
116,V31SH,17.890881,-87.980121
117,shiggy@iprimus.com.au,-32.11875,115.9375
120,F6HDW,42.817,1.584
121,Hummingbird,39.7909343,-83.999431
122,TEC-SC,10.367497,-84.512909
123,SatTech,30.716,104.113
124,9H1Y-70cm-PlanarFace-FR4_ETPAx4,35.896,14.475
125,CSU test station v0,43.636566,3.843127
126,Hvezdarna barona Artura Krause,50.0255,15.767
127,MSRS-GKL,47.668509,9.392484
128,2M0SQL,57.657408,-3.305588
129,Chabot Space and Science Center,37.818732,-122.180725
130,XTOPHE,48.8765,2.18967
131,yb3mbn,-6.2292,106.9583
132,KEREL-UHF,50.734,7.061
133,PA2EON,47.167296,0.240385
134,Grevena Station,40.083,21.427
135,The Best Station,42.364526,-71.090655
136,F0FYF,45.941,6.184
138,HooverPP,11.562108,104.888535
139,Derby Central,52.9405,-1.5044
140,DF0HSA,48.354816,10.904797
143,maison,47.289455,5.103811
145,DU Amateur Ground Station (DU-AGS),23.7273892,90.4010009
146,RIYADH2,24.771,46.708
149,WA4OSH-UHF,47.5751886,-122.1680046
151,Tetsu-JA0CAW,37.92083,139.12151
156,RealityBoffins,53.259,-3.979
157,nz2z,34.0069,-84.6347
159,Nikolay Kolev,51.8,10.6
160,Sofia,42.4151,23.1926
161,Tamalpais 1,37.896376,-122.534062
162,ZL1WJQ,-37.174699,174.841639
163,YHZK,38.0650049521,106.286416513
164,Fondovi Zhilishta,42.715856,23.302959
165,Calwich,52.9813,-1.8243
166,UAC Lab,50.811758,7.574069
169,SFGS,37.747113,-122.414176
170,NE-Madison,43.1392,-89.3159
172,Lititz,40.1324,-76.3058
175,Rocinante,50.82612,12.93976
176,Nepal-PQ1 Orion Space,27.6772,85.4394
178,Ladd Observatory,41.8391,71.3991
179,Brown Space Engineering,41.8268,-71.4025
181,EA4GPZ,40.595862,-3.699246
184,SV1QVI,38.0237897,23.7188269
185,padaka-ground-station,51.128,17.025
188,Parnonas,37.26,22.5867
189,SM6TLX,58.351898,11.947782
192,t1st,12.345678,98.7654321
194,SA7ADV,56.194706,13.34883
195,Motionlab2m,52.493795,13.448634
196,ChrisB,53.312,-1.1
199,Thrakis,38.009,23.808
200,Hackerspace.gr 2,38.017,23.731
202,SpaceBoX,13.06058,77.58774
203,OZ3CC 70cm under construction,56.027372,12.593938
204,GP,59.848,17.747
205,Greencore Sabana,9.93950848,-84.0959299
206,SM7I,55.6005073,13.0798505
208,YC2SAT_test,-7.021324,110.397031
209,SV3EXP - Kapeleto KM08 - L band Active Heli,38.00543,21.3433
211,exp-rot-msk,55.61055,36.898506
212,KE8FZT - VHF,42.209,-85.607
213,W5SAT_VHF,36.0494,-115.1427
214,SV3EXP - Kapeleto - L-Band,38.003,21.343
215,Jns,62.0,29.8
217,MW6CYK,53.177,-4.05
219,Grevena Station 2,40.08374,21.427395
220,Kedros Observatory,40.10102,21.38813
221,WB2MNF QTH,39.842778,-75.115
222,EA6XQ,39.317898,2.995534
223,W2MMD GCARC Clubhouse,39.716,-75.21
225,CIC,40.443965,-79.940572
228,okueng's station,46.530188,6.624388
229,Neterra Sofia Teleport,42.656,23.369
230,Nedap Test,52.037158,6.624492
231,Skopelos,39.1218353,23.726344
233,SQ2DK- Test,54.5963333,18.34
235,ON4KTU,50.6691096662,3.91066084903
237,KF6ZEO-1,37.254,-121.98
238,El Campello Ground Station,38.398721,-0.40661
239,Nedap - Groenlo 02 - UHF Cross Yagi,52.0419627,6.6113711
240,ROWNY,54.376,-6.181
241,spacepi01,52.037517,6.625241
245,EV,36.785366,34.581023
246,SATCOM North Shore,42.8065717,-70.9730852
247,orbres,49.25393,-122.913525
248,Helsinki Hacklab,60.2220032462,24.851911068
249,JUANPE LOZANO,39.575247,2.631208
251,TA5AHO,36.7827279507512,34.6106245599174
252,Test Station One,29.4241,98.4936
253,Alyne House,50.91995,-1.40841
254,SP2ZIE - 70cm,54.52383,18.5135
255,EA5BZ - Elche,38.2768,-0.6711
257,Lancaster UK,54.032805,-2.780874
258,TA2P,39.88327,32.849961
259,sm4yzv,60.9374023,14.467513
261,Makers of murcia - VHF,38.0133167,-1.173178
262,Brigid Builders,39.70432095,-83.9433116
264,Ozarks-01,38.351885,-93.413134
265,El_Nido,-34.918,-56.166
266,Stavros Leontaritis  SV3CIX,37.31,22.51
267,VHF/UHF-stationary,56.844778,60.591733
268,N6IMF,34.212702,-118.370977
269,OD5RI,33.9131012,35.68439865
270,kk6eng-0,47.854,-99.469
271,F5SNV,46.9778,3.0969
273,NKA-SATNOGS,48.2295,-77.95
274,F/EB2AT,43.789475,-1.402423
275,A-Town QTH,37.989492,23.787308
277,VHF/UHF-stationary,55.759614,37.855937
279,Ben,51.104298,5.17646
281,PA2LEN-VHF,51.41,5.55
282,Dolni Vlkys1,49.784,13.286
283,groundstation,52.81,-0.04
284,KB5MU,32.955,-117.206
286,Valpo-test,41.462561,-87.038261
287,CX8AF,-34.85584,-56.16669
288,AC3EN,40.0376,-75.3492
289,KC3NNB,40.04,-75.35
290,Home,43.52,-84.11
291,COSPAR 8049,49.4348,-123.668
293,Home,39.303945,-84.265774
295,The_Phoenix,33.45,-112.075
296,W4USH-1,35.1,-80.1
297,Aardvark Ground Station #2,49.2842,-123.0212
299,CyberOps,-34.9533,138.603
302,Testing station for antenna development,60.239168,24.883569
303,dalem,52.7195106,5.7278746
304,UnoVGUStazione,11.0549,106.665905
305,VK5KJP-VHF,-34.87,138.501
306,M0IVA_gs_01,52.048067,-0.687673
307,FraunhoferEMI,48.0009,7.8467
308,W4CX,35.832,-78.645
311,I3VFJ,45.726034,12.262917
312,CyberOps II,-34.928497,138.600739
313,Ladd Observatory,41.839157,-71.398982
314,LU1HKO,-31.4375,-64.2084
315,KK4YEL,28.417091,-80.709246
316,WB4NLD,36.069176,-87.1169334
317,Sergio Arboleda 5K3USA,4.661182,-74.059708
318,DL1SAA,48.934,9.193
319,YD8NYJ,-0.906134,119.877279
320,SATNOGSCYPRUS,34.967918,33.868938
321,Deathstar Beacon 01,49.342193,8.6597418
324,OZ7JL_2m,56.0772,9.7033
327,PA1RB - Geldrop Netherlands,51.417,5.575
330,mobile-test,52.7,5.7
332,dh7yax,51.563,7.629
333,VK5PP,-34.8,138.36
334,CyberOps III,-34.953,138.603
335,ON4LS,50.485,4.885
336,Chicago2,41.814,-87.709
337,Yale Undergraduate Aerospace Association,41.3083,-72.9279
338,TWUSAIL,41.89934,-87.64517
339,Orion,59.59976,16.609376
340,Strix01,-25.766552,28.332981
343,EA4GSX,40.505,-3.531
345,dd6ee,52.43,13.223
346,UA-Ground-Station,33.21327,-87.54468
349,JSOC,48.3307,17.4543
350,honey,52.24523,21.27122
351,EA8CXN,28.4540928,-16.4569088
352,mizar,32.94,-96.47
353,PKPingu Ground Station,30.1615,71.4138
354,KK4LYH JAX,30.271,-81.542
356,K2MTS,42.64,-73.571
357,ce3vna,-33.2914,-70.4922
358,Damith,7.0739,79.9149
359,TEONITE-002,53.468937,14.562916
360,EA4BFK-SAT,40.517126,-3.92045
361,VK5KJP-experimental,-34.2876,137.9877
363,sa0bxi-0,59.63,17.8348
366,TA2ANK,39.887351,32.848974
368,SR1GEO_RACK02,53.341,15.058
369,Petarda-GS,52.231644,21.036637
370,Twin Lakes,42.532145,-88.2083
371,VU3RGP Groundstation @ Palakkad,10.810236,76.631208
372,ET UPB,-17.399306,-66.21875
373,Lot14,-34.919991,138.60901
374,SP1KM_VHF,53.344,14.873
376,AstroHD,48.833,8.839
377,IZ7BOJ,41.248,16.421
379,F5HSV,43.4,-1.35
381,KD0IJP,37.7493,-97.0765
382,Austral-CL,-41.535856,-73.049121
383,Korea Aerospace University (KAUVCG),37.600615,126.864732
386,K0FFY,41.5506,-93.7689
387,F5SMP,43.795,-1.401
388,INPE (Brasil - Natal/RN),-5.836134,-35.2076041
391,Tanton Base,49.37737,-123.28131
392,DL1MX - Buntenbock,51.77733,10.33085
393,HG5APZ Jozsefkrt64,47.48,19.07
396,South Window,55.47977763,8.43879819
397,Nitin VU2CAN,16.6875,74.2084
398,Bolivia,-17.4,-63.3
400,Alguer,41.4211,2.1541
401,9Z4RG Woodbrook,10.663056,-61.523333
404,HA3BT-2.0,46.7292,18.0417
405,blabs-satnogs-nr1,39.146382,-86.533863
406,HBcomm,49.6,15.56
410,K7TAB GS,33.7292,-111.9583
411,SatNOGS Ground Station - KD2NFC,40.586,-74.157
412,StSavin,45.803,5.317
413,caelum1,53.8,9.6
414,PKPingu Test Station BB,30.16157,71.41381
416,on5pt,50.423,4.807
417,2E0EZT UHF,52.96423,-2.17827
418,ladam,49.047,17.527
419,Flagstaff Hill,-35.051,138.605
420,A65DC Dubai,25.036748,55.167698
421,sq3auv_home,52.458315,16.9477003
422,on5pt,50.4228,4.8072
423,F1GMA,48.82742,2.581849
426,OZ1SEJ-1,55.785234,12.32577
428,Kochab experimental station,47.842,1.91
433,W8TAU's original (very) humble station,43.145,-85.627
434,TA-1 Turnstile SAT cross dipole 137-152MHz,40.64,22.95
435,Blinkwerk Marienfelde,52.4100048,13.3806022
436,VE3RAO-1,43.8113889,-79.61527778
439,EB1AO - VHF IN TEST,42.175,-8.7083
440,mumbai-gs,19.048,73.078
441,KP4CA,18.296,-67.162
443,EA4UC,40.447022,-3.59923
444,Saclay1,48.728034,2.148761
445,Niederscherli,46.885628,7.387966
447,MW6DHN,53.19099,-4.05784
449,LuSpace_NL,52.159,4.4888
450,Ground Station IFSC,-27.673417,-48.646167
451,SV9SEY,35.312,25.173
453,IFSC-SJ,-27.6085244,-48.6334304
455,KGS46148,39.806662,-85.480103
456,SQ3DHO Ground Station,52.37,16.675
457,"W4WWW York Cty, PA USA",39.7379,-76.7014
458,ON5FB,50.711,4.548
461,schoolmsu_station,55.6949,37.5243
463,Toptranslation 01,53.553859,9.9997827
464,Dario,45.3932,13.4943
465,Makers of murcia - UHF,38.013,-1.173
466,SJK,51.458657,-0.209357
468,YO3HCM,44.4306888,26.0538615
469,WZ3HMT,42.026,-79.892
471,blabs-satnogs-nr2,39.146,-86.534
472,AP2AJM,33.6116,73.1307
474,TT Kita9,33.8932,130.8399
475,arthur,54.957139,-1.473354
477,Iskenderun Roof QFH,36.580138,36.189423
479,ON4API,50.931117,3.092308
480,k7fle,45.512,-122.615
481,VK5RX,-34.905,138.662
482,kunio aiki,35.021,136.986
483,CPS_RMIT,-37.677,145.07413
484,DParabole,48.893995,2.387856
485,RpiSatNogs,33.703,-83.92
486,N1SER,30.260274,-81.475566
487,Anteater,33.644703,-117.841113
488,W7KKE,45.01,-124.01
489,AD7NP,47.6458,-122.2084
491,M0MMS Stuttgart,49.408551,8.68933
493,kentaur,49.42,17.24
495,VK7HPC,-43.1218,147.2285
498,SWSU,51.738,36.148
499,LU7DZ,-34.804549,-58.387876
501,mahesh_vu2iia,19.232,72.8277
503,N8SOT,43.090485,-85.24183
504,Pmox,-27.867089,153.29042
505,QFH Meteo,47.9667,7.4
507,Monkey One,45.505,-122.583
510,UTAA-Astro,39.9455,32.689
511,PA1HUN Home QTH,51.933534,4.514382
512,ORION Space Main Station,27.679,85.41
513,NepSat Ground Station,27.698884,85.272725
515,CU2JX,37.761,-25.66
516,FY/LamaBleu,4.9,-52.5
517,DL1SSK Experimental,49.199,7.891
518,Mahmoud Omari,32.0142,35.9609
521,BH-01,43.857,18.422
522,test,45.0,15.0
523,provastation,0.0,0.0
524,TEC-CA,9.8532,-83.9059
526,W2GRK - UHF,40.641,-74.339
527,Test1,44.999721,-93.417049
529,Delwar,90.0,90.0
530,Sirius,43.414216,39.950269
531,SLU_SSRL,38.64,-90.23
532,TUM CST,47.062005,28.868088
534,KN4LAY-1,35.05442,-78.883659
539,OZ3RF,57.0116,9.9762
540,"PN Campus Ground Station, Pokhara-ORION Space",28.2419,83.9918
541,Bunny Ears - SimpsonAerospace,33.194352,-87.541141
542,XinaBox - SANSA,-71.67265,-2.840575
543,XinaBox - R&D,-34.085381,18.822303
544,HB9FMC Pascal Droux,47.190185,7.144419
545,Columbia Valley Maker Space,50.291989,-115.877271
546,5DSP,-34.9,138.6
547,DL4MN-WR,51.833,10.798
548,CT2IWW,41.2426,-8.1026
549,KØMOS,40.0911,-105.2626
550,LU1DCX,-34.6526,-58.577663
552,KØMOS-Kiowa,40.293,-105.347
553,LuSpace_CH,46.51387,6.65658
554,KV0RED Alpha,29.5675318,-98.4311534
555,CT1ETE,41.4518,-8.2628
556,ZS6S,-25.9665604276,28.0733510516
557,LU4BMG,-34.588339,-58.516197
558,AB4EJ,33.375,-87.58333
559,Sampo,60.329,25.051
560,VK7HDM,-42.74141,147.267986
561,sanctuary,52.442,-1.877
564,VE7GSJ Snowbird,33.41991,-111.747113
565,Rundemanen,60.411,5.361
566,VE2LPW,45.578771,-73.204918
567,VK2GPL-U,-33.72,151.062
570,MSparc,53.224615,-4.263152
572,HB9FMC Pascal Droux 2,47.12,6.894
573,F4HRB-MONTSOULT,49.069,2.3214
574,M6MUX,52.279,-0.129
575,IO80bu,50.872918,-3.870237
576,EA8AIH,28.429,-16.4837
577,E12-Station,13.728,100.772
578,JE6RJA,33.892473,130.840174
579,Um Alaish 4,29.1042,48.125
581,THQ,42.922317,-83.639402
582,CSW Space Peek,38.744001,-9.148444
588,alicja station,50.275,18.656
589,Las Victorias,-41.130785,-71.263102
597,KM4HSD,32.998,-118.554
598,Utah State University - N7GAS,41.742422,-111.808147
599,IK1SLD,45.123,8.4444
600,LA1K,63.422255,10.395732
601,RHS Capstone 2019,32.97212,-96.79295
602,BigFatTail,43.63957,-71.461288
605,Depto,-34.5348,-58.4868
606,W1HMM,43.147284,-70.926467
607,SiriusTest,44.980342380849734,41.22070312500001
608,BH5P4CE,26.1568347,50.5197867
609,gie_font,45.18568,5.80644
610,Toulouse-01,43.6,1.43
611,SPUTNIX-exp-VHF/UHF-,47.542643,42.207964
612,Dren's Ground Station,42.783262,20.485611
613,AbqGround,35.096,-106.593
616,A65MI,24.4375,54.625
617,AAUSAT OZ0HPM,56.78,9.73
618,KS1G,38.9792,-77.375
620,AAUSAT AUX,57.0140675,9.9864619
621,oplav19,41.466879,-87.045086
622,Myrton,41.710697,-71.500082
623,FIELD STATION PUERTO RICO (UHF),18.479,-66.875
624,LU1EPC - Pablo Cattaneo,-38.0033,-57.5528
625,My Test Station,28.5383,-81.3792
626,Rpi2,48.678,2.366
627,du2gbc,18.19,120.59
628,Kingwood Texas,30.054857,-95.23356
629,Mpls,44.915558,-93.264172
630,Sleepyhead,39.800943,-75.931393
631,TexRex,33.155373,-96.818733
632,ON3RVH - Main,51.24993423,2.99811559
634,Borderer,55.6142,-2.7947
636,2E0LXY,53.72638,-1.57446
637,gsat69,13.346245118518308,74.79390536221214
638,AJ4ZS Test station,41.99,-88.06
639,KC4KEZ-Home1,38.90241,-84.28823
641,F6IFG,43.34631,-1.54922
643,LittleBronx,45.4296,-73.5942
644,CalgaryVHF,51.106,-114.145
645,iw2dzx,45.65,8.88
646,rpi,43.3291148,5.5972877
647,Industrial IT,52.184347,5.944059
648,G6EPN,51.4203,-1.7102
649,g4pso,51.9915,-0.3619
650,Ocean Shores,46.974808,-124.155635
651,rlj-0,52.468965,-2.123887
653,Garza base station,36.739442,119.784831
654,Purdue 1,40.432146,-86.917955
655,korbeav,45.520403,-122.890756
656,AW,40.144,-75.515
658,KF5NVP-Testing,29.484417,-95.170833
659,Fanuc12,42.2932,-82.7117
660,N5ZNL,32.337777,-90.138
661,maribor-test,46.5648791,15.658313
662,IX1ESM,45.7522,7.6497
664,Bucky120,50.481606,-3.780031
665,Iowa State University Ground Station,42.027066,-93.653235
666,K2LSF VHF,30.2578,-81.3972
668,KA9GDO,42.77,-87.78
669,WQ5C,29.9527,-98.1452
670,ZL2MWS,-41.118996,175.05144
671,CHELT_TESTING,51.900746,-2.082094
672,Echeandia,-34.64539,-58.46166
674,PG-GS1,55.887,-3.486
675,Cape Cod SatNOGS,41.770246,-70.49698
676,Leo Almazan,15.145,120.5887
677,KH6AN,20.88694,-156.504822
678,Santa Cruz,32.696,-16.777
679,Brussels,50.832116,4.415271
680,M0RSX,52.483,1.714
681,Pinus,37.821,12.532
683,Kenidowa_VHS,43.65,116.33
684,HA71970,47.414,18.835
685,CR7BDI,38.950421,-9.409314
686,Tandoor,60.6318,24.8579
687,Warndon,52.210418,-2.170643
689,EARTHI,51.241323,-0.616064
690,HamburgFunk,53.5903,10.04051
691,ON4CCM,51.253856,4.784409
692,VK4XSS-70,-23.87721,151.23486
694,Surbiton,51.3895,-0.3082
696,GS1,13.060596,77.587497
698,KS1G-VHF2,38.9987,-77.385
699,SQ5KTM,52.332,20.893
700,BrookLaneTest,52.433,-1.815
701,Coetzenburg,-33.936818,18.870861
702,"CA,USA-Fixed UHF",33.49641,-117.089502
703,anomoly40's Raspberry Pi Ground Station,35.05307,-92.46006
704,kc1ist,42.392,-71.11
705,Provost Alberta Groundstation #1,52.449042,-110.51078
706,Testing,51.208323,0.072759
707,Chartreuse - Omidirectional,45.395,5.691
708,Outernet S.E.,33.575683,-83.182379
709,KC9CJJ-Test,39.8224341,-84.8828493
710,Colme,40.55689,-4.01396
711,IK2XRO,45.433808,9.340485
713,VA7EEX - VHF,49.356,-123.41
714,G7HXX,50.864613,0.255234
715,01GFH,53.38,-2.758
716,zx,39.542633,21.781689
718,URE CHASNA EA8URE,28.07965,-16.681799
720,londonsat,51.6004296,-0.1562458
721,William H Redfern,-37.784,176.318
722,WW1ACE,37.909722,-122.078819
723,AFK1818,35.744,51.5
725,RTL-SDR_Teststation,48.567624,9.303208
726,F4FWH,49.4977,0.1164
727,IU2KQB,45.219399,9.357114
728,VR87,41.9,12.5
729,MBC-GS-01,51.82679,-2.71913
730,YT2CQ,45.252,19.803
731,PU5FON - Under Test,-27.475086,-48.403678
732,guidoz,39.769,-105.02
734,m0dmc,52.19,0.15
735,VHF/UHF Quad-Helix (M7ADH),53.429,-3.04
736,Dima,43.169111,-70.615408
737,Sunshine,37.33,-122.023
738,GS1,34.047,-84.566
739,Munich Nord,48.192252,11.60531
740,JP's Workshop,51.630695,-3.98096
741,FATEC-SENAI Ddos,-22.2218,-54.8064
742,a,83.515135,2.916847
743,test63000,45.959808,3.474104
744,RaspBerryFH,51.494036,7.420028
745,RTL-SDR-007,34.854,-82.288
746,Rowdy,42.71,-71.35
748,Lusosec,39.296487,-9.315573
749,"KB4NKO - Virginia Beach, VA, US UHF",36.786197,-76.175614
752,NZ-HMT-VHF,-37.807353,175.326327
753,UY0LL,49.9675,35.9715
755,Bouwel Basestation,51.16651,4.74325
756,iz3zlu,45.47457,11.38252
757,ORION Space Training,27.679,85.409
758,Ground Station 1,34.0414,-84.20075
759,UCI CubeSat Ground Station,33.6430695631,-117.837281322
761,rp3uhfpgr,44.175502,5.019989
762,SuperAntennaz,45.19598,5.68368
764,"Tarago, NSW",-35.07,149.654
765,9W8CAS-Base,1.5123389,110.2878654
768,Desert Wire,33.3668138,-111.7860305
769,FSA_Valdivia,-39.801871,-73.206336
770,cchv,-39.8125,-73.2083
772,VillageLab Ground Station (VHF),48.039,37.4
773,Omni_1,46.77103,-100.68879
774,South Fayette - 1,40.35,-80.17
776,LondonN1,51.541931,-0.09612
777,STEM,39.774102,-84.082145
778,GS2,30.231355,-87.943461
779,N8HF,40.034866,-82.384599
782,Arizona,33.464,-111.532
783,Melb VHF,-37.981398,145.078499
785,st0,45.0,-93.4
787,Morrow-1,42.659196,23.282456
789,Vlissingen,51.4622,3.5884
790,Bury St Edmunds Shed,52.24787,0.69382
791,test_tomori,36.0850456,140.1065189
792,"VHF Ground Station - Sofia,Bulgaria",42.668157,23.374124
793,F6KRK RX WX,48.778,2.022
795,eastgarage,40.444,-79.941
796,EA3IBC - Oscar - Barcelona Spain - vhf QFH,41.45,2.25
797,IES Pedro de Valdivia,38.972555,-5.787777
799,Stanford REx Lab,37.4266591,-122.1735691
800,Hans Berends (ZL1JA),-43.28382,172.7023
802,EA7KGC - San Fernado - ES,36.46096,-6.20483
803,KN4QGM,37.4262,-77.4877
805,RPi3,40.676,-75.608
806,N0RSR-2M,32.974482,-111.78266
807,NANIKANA,48.2,-77.9
808,oe5nvl-vhf test,47.8,13.75
809,S55KZ,46.023479,14.302463
810,E3T_UIS_CEMOS,7.14186,-73.12217
813,SatStationBangladesh,23.7292,90.375
814,N2QG,39.8635,-74.9395
815,Danny's Ground Station,31.895358,35.0080691
816,inSanesaVag3-GS,23.7484,90.38638
817,Feodosia,45.04957699999999,35.371363
818,OE5BPA,48.1298042,13.9132226
819,Omni CCERES,48.804,2.227
820,DL6KBG (VHF),51.235,14.205
821,ESAC CESAR,40.444,-3.953
822,oe2wnl,47.434,12.835
823,SWSU,51.739,36.148
826,826DE,63.1038715,21.593208
827,Newbigging Farm House,55.437096,-2.463421
828,F5VKV,43.74322,7.41975
830,SQ3TLE - Kalisz Ground Station,51.774424,18.058974
831,El Guacal,14.604,-90.668
832,Round Hill - VA,39.13533,-77.769
833,Nuevo Progreso Mexico,26.0498,-97.9511
835,ASAT UHF QFH,40.6267047,22.9582459
836,SF_GROUNDSTATION,51.46611,-0.95527
838,Ecublens Station,46.5226518,6.5597453
839,ESA Academy @ESTEC,52.2174381,4.4228758
840,Hoogkarspel,52.6947718,5.1698275
842,Ottawa,45.0,-75.0
844,BEEGND-3,52.512,13.327
845,WS5VET,30.460547,-97.631224
846,KE4URP,34.268,-84.8199
847,mikedeltagolf,-27.544,153.112
848,mikedeltabase,-27.551,153.099
849,PR8KW,-2.508386,-44.296837
850,Eplevei,58.1749,8.0926
851,hpfmn-test,52.405689,13.060609
852,EA1JK,43.465452,-3.84154
853,NewUlm-UHF-2,29.854743,-96.527375
855,Newbigging Farm Shack,55.436252,-2.467573
856,SatTrack Windsor,38.555729,-122.790677
857,Little Sandbox,53.44296,-2.93125
860,W7DM-6,47.68,-122.11
861,KC3CQZ,28.3284,-81.3895
862,Astraea,30.473131199999997,-97.6439717
863,PD1WE,51.5208,5.375
864,Mumbai GS,19.047914,73.077628
865,N2Go-Teststation,52.388913,12.848049
866,YO3GWM-VD1,45.283,25.7278
867,IU3AAM Station,45.818,12.897
871,lutgarugt,31.8693,-116.644311
872,ubc-mobile,49.261,-123.249
873,NWGS-1,55.6846566,37.3407539
874,LizGS,58.37737,25.57699
876,Robin Hood's Bay Satellite Tracking Station,54.4344,-0.535
877,BCHN17,50.196,6.454
878,Antin_Piha,62.792972,22.782104
880,45g4ggr9,10.250059987303016,-5.053710937500001
881,RED1,43.420784,-83.939863
882,valcesch_nl,52.160871,4.493091
883,Grafton Station,41.228507,-82.042431
884,KK4QAM,32.107,-87.845
885,SGS-101-007,0.2087,51.8032
887,KB2HSH,42.9792,-78.875
888,CCERES,48.80667,2.229157
891,UCAnFLY,36.538554,-6.200568
892,G4OAO-IO91JN,51.56846,-1.235724
893,E29AHU,13.809,99.785
894,uv5re PLus,48.58619,-109.2342262
895,THUNDERBIRD,49.2765,-123.2177
896,KJ6DZB,37.878,-122.297
898,eedc.pl,51.223931,17.380772
899,Raspberry pi,52.3356,2.0619
900,SPID-Testing,52.514924,13.326972
902,UTEP Ground Station,31.767804,-106.435077
903,iv3iim,45.4954,13.3934
904,Roberto,-34.55391,-58.466
905,Troy-1 GS,40.105,26.405
906,c3wttr,48.1017,11.5599
907,The Pi Shed,53.31675,-3.45996
908,CA-USA Fixed VHF,33.4965,-117.087
909,VK3DFR-SA-GP,-35.107126,138.521792
910,2E0TXE-Satnogs,53.163,-2.225
911,Bayt al-Hikma,30.508255,-97.678894
912,HS3LIQ,14.975,102.107
913,Field Station Luxembourg VHF,49.68,6.139
915,Ground Station Imadol,27.6695,85.3408
917,Westcott,51.86,-1.0
918,OL7M,50.2098644,16.2179322
919,Nucleus,47.406,8.393
920,VK3TMC,-37.80399,145.238055
924,Bilbao,43.262987,-2.935036
925,Mobile-V-Dipole,44.797,20.403
926,Mytikas,38.671201,20.94245
927,Tonlos,53.449,5.632
928,R1LB,59.3942,29.5926
929,MXL-FXB-Test,42.293316,-83.712025
930,chamberlain_sd,43.803,-99.21
931,ve2wi - VHF,45.42,-73.465
932,ve2wi - VHF,44.3,-73.71
933,UPTC-GS,5.555147,-73.354812
934,Satellite Attachment Terminal (SAT),51.58328,-0.06718
935,CERDECAM,50.85,4.454
936,"N6RFM Bristol, RI, USA",41.6771,-71.2662
940,"OK2PNQ South Moravia, CZ",49.175063,16.959494
941,GS3,38.756001,-75.181065
942,Sophon,-23.135,-45.514
944,jplw,-41.874895,-73.810644
945,CE3PCN,-33.633017,-70.594551
946,Homebrew Space Club @CamMakespace,52.202061,0.116616
948,Astra1,38.9,-77.3
949,SM0KOT - VHF,59.2732,17.7883
950,AistechGS,41.27,1.99
951,PE1KEH,51.4678284,5.4806506
952,Day of Radio SPb,60.001756,30.326815
953,M6OTL,53.6185,-1.8812
956,YahSat Space Lab,24.438,54.625
958,PenzanceUK-A,50.11644,-5.534995
959,CE3VRT - VHF - UHF,-33.659,-70.727
960,WA2TQI,39.92771,-74.982543
961,9V1LH/p testing,1.3770692005936946,103.94163791650932
963,9V1AI,1.30594476402,103.781631272
964,PA2DX_uhf,53.178722,5.92635
966,EM95nf,35.227085,-80.843124
967,YO8SDE,47.1419,27.5808
968,CE3VRT,-33.6587,-70.73149
969,England,55.763268,-2.011131
970,Nougat,-32.916593,151.708983
971,UNIVERSITY OF WEST ATTICA,37.978648,23.673806
972,SWLJN26,46.32668,5.314773
973,WoodySat,51.946428,-2.046122
974,EchotaCore01,34.12934,-84.513026
975,Mobile Gasser,37.5457867208,-122.493588757
978,NoorSat Ground Station_1,-17.4939,31.0312
979,Valpo WIRED Lab 5,41.462582,-87.038378
981,TBC,-34.48,-58.78
982,John Dale,49.563,-117.25
983,K4OAM,-41.1017,-71.4467
985,HeckaSatNOG1,38.341,-85.892
986,KD7211,37.662,-122.1
989,Denver Hale,39.7365,-104.934
990,Valpo WIRED Lab 4,41.46246,-87.038303
991,Archodiko-UHF-2,36.971,22.145
992,Litochoro,38.0,23.0
994,Dev Station Pierros 2,-10.0,10.0
1002,M0ZJO Ground Station - AHT,51.242,-0.751
1003,Primary,38.67243,-121.09115
1004,Supermikko,60.1920098,24.9428249
1005,Adkins Road,38.7,-82.247
1007,ObsSat,-33.918861,18.4233
1008,R&R ARISS GS,40.0376,-75.34
1013,ve4drk-test,49.836801,-97.078143
1014,DL0CRE,51.6283111,7.2596558
1016,Playhouse,51.9884,-2.393
1017,cos-pinecreek,38.982,-104.767
1018,PU3KPR Canela,-29.352159,-50.830214
1019,Tomi OH1HPZ,60.2,24.95
1022,SM2KOT - VHF / UHF,65.080031,18.631284
1023,VK5SAM- 2M,-34.59378,138.75847
1024,SUNSET-W2GMD-UHF,37.76,-122.4975
1025,"Canberra, Australia  VK1MIC",-35.19876,149.14915
1026,Sentinel01,48.265618,14.1736558
1027,IZ1ERR,45.35,7.69
1028,IK5NAX,43.771,11.208
1029,NU8M QTH,42.497,-83.671
1030,ad_petra,38.9066,-77.1992
1031,Romeo-Golf-VHF,51.41016131,-0.84604257
1033,K8MU,42.485,-82.966
1034,KD6SKJ,33.963818,-118.41389
1035,pi-receiver,-36.770859,174.749996
1036,WizRd,-34.849159,138.663741
1037,SM2KOT-2,65.08,18.631
1038,Ellicott,39.2721,-76.8589
1040,Home,42.597,-83.743
1043,ACI Ground Station,41.37101,-73.96282
1045,DL4FW,51.175,14.174
1046,PA1KE/VHF/UHF,51.733733,5.303732
1047,VK3VW,-37.8143,145.3332
1050,14FRS3034,48.2,7.2
1051,NTSatlink,34.60225,-88.547191
1054,SpreefeldGS Alpha,52.510499,13.424937
1057,PA3FKP,51.951221,6.14318
1059,Test.KO85uv,55.8938,37.688
1060,yci,38.934,-104.79
1061,RaspberryPi137MHz,49.202,18.114
1062,CCERES Ground Station,48.807,2.229
1065,PenzanceUK-B,50.11619,-5.53493
1066,K2ZA,39.60133,-75.0515
1067,VK2CKP-SatNOGS1,-33.933496,151.057973
1068,VE2DTL-VHF,45.315,-73.75
1069,SQ3XZ,52.425842,16.668924
1070,LU1AAT-1,-34.539344,-58.467772
1073,westside gndstn,53.2718658,-9.0821836
1074,UAC Lab UHF,50.8122971,7.5757278
1075,CROZGS,55.87064,-4.30625
1078,LU4KC,-26.8355487,-65.2182609
1079,LU3MKH,-26.836,-65.218
1080,K8GNG_VHF/UHF,42.50973365,-83.78566005
1081,CX1TH,-34.6458,-54.2083
1082,SATNOGS-PI4,64.13628661246054,18.985694689155824
1083,LW2EE,-37.33,-59.11
1084,WILLIAMSTOWN STATION,39.6999,-75.0094
1085,Cambridge Homebrew Space Club,52.202013,0.116697
1090,VHF - KvarkenSpaceCenter,63.104573,21.593208
1092,KB5ZUR,32.5693,-98.2982
1093,LU1KCQ Home,-26.81554,-65.29032
1094,IGOSAT,48.82763,2.38033
1095,UNISEC India BANGALORE-GS1,12.984,77.674
1096,EW6X,55.533,28.667
1099,IW2LSI,45.692,9.663
1100,OY1JD TEST,62.011,-6.767
1101,C-3PiO,51.149,-0.962
1104,CICESE I,31.869,-116.665
1105,Vertical Dipole,62.0176,-6.7625
1106,K2SDR,40.1321,-74.0346
1107,br,37.2,-120.28
1108,"Manor, TX",30.35732,-97.514446
1109,Knudsen ESN @ UCLA,34.0706,-118.4411
1110,Knudsen ESN @ UCLA Observer,34.071,-118.441
1111,Fritze,52.304808,9.605214
1114,UHF Yagi,51.123,-0.861
1115,F1JRV,43.616,1.302
1119,ka1lex,44.56,-73.21
1120,M2MS QFH-137,49.2163992,18.7449651
1121,West Malling,51.30930556,0.40722222
1122,BeachStation,27.941455,-80.495355
1123,KC9SGV,42.12,-88.14
1125,TI2RF,9.91685,-84.109111
1126,notch,44.286,-71.671
1127,cisne_fsa_vhf1,-39.82285,-73.239686
1128,Keys,-35.16104,150.59215
1131,GranaSAT,37.144119,-3.6093357
1132,OnTake,48.834633,2.398294
1133,cruftpi3,40.569,-105.226
1135,Speldorf,51.426,6.836
1136,satnogs-gp,48.715641,9.648224
1138,Vaihingen Downlink,48.73,9.117
1139,AGS-Station,50.9821027,11.0271816
1140,AGS-Erfurt,50.982,11.0272
1141,CSUM_test,43.637,3.843
1143,Northmeadow,32.89307,-96.73268
1144,va7dxw,49.8879519,-119.4960106
1145,VK4SMC #1,-16.45315,145.40436
1146,Ham Radio Ground Station,33.9150176,-6.9161733
1147,BANGALORE-GS-HexBot,12.9586727,77.7164128
1148,ASU GS,33.418043,-111.928479
1151,Dru VFH,39.542,-104.985
1154,VA2HZ,45.668896,-73.872871
1155,ArgusNavis,28.054904580191632,-82.48074564283125
1157,Strahov,50.08058,14.391875
1160,CSUM,43.63658,3.843179
1161,YC5ABK,-1.3522,100.5925
1162,WP4CNU,18.2023,-65.9569
1164,Elmley Castle,52.07,-2.026
1165,drfootleg,52.247678,0.485139
1166,Testing - KdG - Antwerp,51.202661,4.391492
1167,F1SXJ,46.09548,3.95305
1170,Dru GS3,39.541665,-104.985093
1171,YC3BVG,-8.3125,114.2917
1172,NAT_UFRN,-5.88,-35.17
1174,USRADIOGUY.COM,43.00694,-88.800377
1175,UHF Chelsea,-38.061,145.124
1176,RPI_RTLSDR_1,34.03161,-84.37701
1177,Potrero hill,37.7543237,-122.3990973
1178,Gaguchan,40.362072,-3.595691
1179,IFSC SJE,-27.6086225,-48.6329892
1180,In-Developement,54.676533,-5.95002
1181,EW2CQ,53.988,27.677
1183,gi0vgv,54.48,-6.23
1184,grizu-263 ST | Ground Station,41.451788,31.762251
1185,Borders,55.614,-2.79
1186,EA4GRN,40.385222,-3.4374617
1188,Geisweid,50.923947,8.008468
1189,BH Dynamics,40.417,-3.703
1191,HB9FGJ,46.491767,6.316779
1192,Old Gore,51.95023,-2.54445
1193,LW7HRM,-64.48602,-31.35227
1194,pi2,51.06,-4.11
1195,Aistech_Colombia,5.02377,-74.46281
1198,MZ test,49.99,8.265
1200,mb,38.016,23.73
1202,Black Forest Gateaux,-37.431822,144.585702
1203,Acme-Orlando,28.545,-81.381
1204,ORPS-1,-31.884,115.9194
1205,kt2,38.01695,23.7312
1206,Medialab Prado @ ETSIDI - UPM,40.405253,-3.700408
1209,AISA-S1,58.0,56.2
1210,Village,55.656321,37.57592841
1214,F1SMV,43.0434,5.5225
1215,HSCC,24.9668964,121.1875892
1216,Darkness_knight,30.12,31.28
1218,HSCC_Ground_Station,24.9672897,121.187742
1219,MXL-MP,37.453,-122.182
1220,sp7k,51.965,19.731
1222,FLEASAT PL,51.158,14.95
1223,Hackerspace.gr 4,39.4202,-83.5634
1225,IK2WPM,45.5275,9.2087
1226,Jack,45.424,7.596
1227,VK4TAU,-27.538,152.938
1229,Yagi UHF Western profile,51.221889,-0.195309
1230,Porto Alegre 01,-30.0277,-51.2287
1232,TriSept-1,39.133759,-77.756358
1233,PicoSatLab,23.7788,90.371944
1234,Itamar Maximo de Sena,-23.0543,-46.3584
1235,YC2SAT,-7.0204,110.3958
1236,PaczkowoStation,52.393752,17.150765
1237,KF5DFW,39.7897,-119.65719
1238,melbourne-fl,28.142915,-80.702774
1239,ZL2FDH,-41.091,174.874
1240,QFH UHF Western profile,51.222,-0.195309
1241,F4EIR,48.843,2.643
1242,AGUS ISMAIL SHOLIH,-8.23,111.706667
1244,KE0RWZ-2,37.854,-90.625
1245,Alveston 148mhz,51.591,-2.527
1247,LU5CQC,-34.5706314,-58.4846428
1248,YO9HZN_1,44.909,25.575
1249,Kaio Broadcasting Station,-19.851053,-44.61531
1250,iLab Pico,23.779,90.372
1251,CCCM,43.26502,1.16031
1252,KE0PLO,38.988,-105.056
1256,PA1SDB,53.319,6.856
1257,KICT,37.693,-97.346
1258,KC3ECG,39.318,-76.796
1259,YD8RPJ,1.4497009,125.1267077
1261,mibu,52.311,7.231
1263,DC1MK,48.130438,11.516805
1264,SM4UZM - Home,60.508,15.4495
1265,KD2LBU,39.6855201,-74.997091
1266,Radiance,30.407,-91.172
1267,KM6OGV - Ramona Station,33.0233,-116.8053
1268,chapstation,40.1109,-77.035
1269,AAUSAT PT7,56.785,9.735
1270,YC5RMS,0.43753,101.449822
1271,YC1SCC,-6.3711,106.6311
1272,FHAB GS1,56.82,12.89
1273,DAB,48.361363,16.33948
1274,SpaceLab UFSC,-27.605,-48.438
1277,CosmicBeachCafe-Alpha,40.662563,-8.635244
1278,CosmicBeachCafe-Beta,40.663,-8.635
1279,LU7MAC / VHF-UHF,-33.016,-68.871
1280,LW1DJL,-34.66458,-58.625
1281,shepherdstown-wv,39.463686,-77.797964
1282,DJ0MDO,49.753,8.942
1283,Carlos Papafina,39.270795,-7.443885
1286,VA7UN,49.96157629,-119.359872
1287,FOSSA-STATION,40.449,-3.792
1288,GSC#1,29.0025,77.03667
1290,Shed yagi,41.445,-81.961
1291,TheBriarPatch - test - V-Dipole - NOAA,34.635,-86.499
1292,VA7JPL,49.96,-119.35
1293,UNAH-001,14.08673,-87.161714
1294,VA7CNN,49.0,-119.0
1295,MXL-FXB-AnnArbor,42.2936,-83.7126
1296,LAMBNet,53.5677,-113.5347
1297,ASU UHF Ground Station,33.42,-111.93
1299,JCF78,48.946578,2.148676
1301,northbristolVHF,51.4952,-2.4717
1302,VK5DG,-37.8375,140.7823
1303,VE3RAO,44.698,-78.721
1304,LU5AGQ,-34.617817,-58.380072
1305,SP5LOS,51.497,21.068
1306,Calne,51.440595,-1.992648
1308,E22FFJ  Wijak Thaweesithichart,14.80976,100.63391
1309,Georgia Tech 1,33.772018,-84.396036
1310,Test,40.684,-73.925
1313,Harry Ditto,-6.9175,107.6191
1315,GMU VSE/ECE Satellite Communications Station,38.827517,-77.30496
1316,Ohio University Bobcat-1 GS,39.326,-82.1068
1317,IB BRC,-41.1242861,-71.41538611111112
1325,LU6EIC,-35.813,-61.89
1326,Ronda,39.4792,-0.39
1327,MLB-SATOBV,28.079808,-80.623046
1328,KI4ABS,35.00473,-82.364197
1331,tfk001,53.55655,-2.374594
1335,Basic GS,49.781,9.974
1336,"Bucharest, West",44.432814,25.988383
1337,Martin HS/F8UKP Bangkok,13.73009,100.572661667
1338,F6KBF - Radio Club de Maisons-Laffitte,48.953,2.136
1339,NLL-KJSIT,19.046,72.871
1340,F1AFW,48.601,2.3
1341,9V1HY,1.292832,103.779979
1342,LINX-ICN-UNAM-UHF,19.325368,-99.180742
1344,f1ujt,45.9,0.95
1347,Silky Popcorn,53.201,-2.533
1348,FOSSA-CZ,49.371,16.653
1349,OAQ,-0.215,-78.503
1350,Feryon Prime,48.118,-123.429
1351,7el 70cm fixed Yagi,-35.281,149.13
1352,Marhan,49.169,21.45
1355,Test Station,43.5646367868,1.47487619518
1356,ATR Groundstation,52.026,5.554
1357,Victor Hugo Ropolo,-32.6875,-62.2958
1360,Toulouse Station,43.604,1.444
1361,CNU461,36.8287,-76.4986
1362,LU1DC,-34.567079,-58.691
1364,Home,47.789,-122.202
1365,test,45.0,2.0
1366,F5SFU,43.74,7.152
1367,F5RMQ,46.536,-0.472
1368,6W1SV,14.229,-14.458
1369,AF4QC,35.024029,-83.71685
1370,Root Access Fresno CA,36.80426,-119.82073
1372,HHSstation,39.5889939,-76.6633047
1373,w6mrr,37.88013,-122.26404
1374,CyberOps TEST,-34.9176299,138.5268972
1380,KB0FX-RPI-1,38.695,-90.46
1383,EA5SW RTLSDR,39.45528,-0.39611
1384,Dave,42.1552,-85.3638
1385,on4vki,50.756,4.386
1386,SP9WTV-2 Ground Station,50.013,19.874
1387,on6ti,50.811,4.451
1388,on4esc,50.007,5.22
1389,Martin 9V1RM - VHF,13.73065,100.572358
1390,VHF-UHF basic Station,46.631,0.231
1392,Venables_Shed_RPi3,52.6199,1.3232
1393,MRT-DEN,39.926,-105.018
1394,vcs,37.275,-121.826
1395,DA Bruce-ACT Australia,-35.282001,149.128998
1396,PH3V - The Netherlands,51.4723,4.66379
1397,YC8NYJ,-1.393152,120.756491
1401,F8AOF,44.55,4.77
1402,NTU FYP,1.3521,103.82
1403,KB9ZWL,44.8125,-91.5417
1404,InSight 1 Ground Station,52.062,-2.062
1405,YD8RPJ,1.449,125.126
1406,Uniminuto Calle 90,4.71101,-74.096547
1408,N3KA Discone,37.372,-122.021
1409,Cherhill Ground,51.4301,-1.9074
1410,Joe Stokes,35.320561,-94.427438
1411,Indian River Ground Station,28.403,-80.746
1412,BA4REB,32.066,118.449
1413,SV8SMW,39.6243,19.9217
1414,PK,50.1226833,14.4670319
1415,BG28OH,51.237,-1.265
1417,KD4O - VHF UHF,34.0148,-81.0001
1418,KMITLSatNOGs,13.727519,100.776138
1423,OLIVIER F6OBT,45.7,4.47
1424,grizu-263,41.45352099999999,31.789379999999937
1428,some_test,-34.9306,138.6101
1429,some_t2st,-34.9147,138.65017
1430,some_t3st,-35.01091,138.56425
1431,some_t4st,-34.87905,138.48676
1432,some_t5st,-35.24086,138.54185
1434,OAK_HILLS,34.38072,-117.35118
1435,Hyoristicin,12.9776874,80.2531849
1436,EA5IXX,38.2751,-0.68
1440,"KK6NOW - La Jolla, CA, US",32.8824,-117.2348
1443,South Canberra,-35.4,149.01
1444,VK5KEN,-34.605387,138.618613
1446,DV2JB Jharwin,16.07744,120.3563
1447,KF7YOU,32.229754,-110.794684
1448,spestana-1,47.596,-122.162
1449,2E0SQA,53.378,-2.708
1450,Northampton,52.212,-0.904
1452,VE2DTL-UHF-VHF,45.315173,-73.749788
1453,SomersetWest,-34.063831,18.837979
1454,KYRXONLY,38.2527,85.7585
1455,GM0UIN,55.929,-4.333
1456,Ticonderoga,42.3158,-82.8881
1457,F4HPW,48.2483,-3.8196
1458,F4GMU,46.36,6.46
1459,South Arm,-43.0111,147.4162
1462,EA4EKH,40.15,-2.85
1463,Franck DUBUIS,45.9375,3.7917
1464,Pi 4 -2,-34.92123,138.599503
1467,Serez test,69.064,18.539
1469,Satnogs_01,41.156,-87.84
1470,Don't Look Up,30.357,-97.514
1471,Pi4Test,-35.0,139.0
1472,OK1KOM-Komorina,49.0822,16.4147
1475,CyberOps VI,-34.928497,138.601
1477,YF3FEO,-7.02155,113.5911
1478,KI6TSF-1,37.398,-122.1
1479,SL Ground Station,6.882,79.94
1480,Test_Recv,45.641,9.154
1481,OneKelvin,28.24,-80.744
1484,L-Band  Pi4,-33.96,138.64
1485,TA2MUN,40.939,29.375
1486,va2em-vhf-uhf,45.589,-73.331
1487,PH7THL,52.15156,4.40412
1488,ON4MSF,50.833263,4.36428
1489,John,47.1563,-53.573
1490,Mutxamel,38.4158,-0.44529
1491,KA5LUG,31.760587,-93.067477
1494,test,48.740491,19.162362
1495,satnogs-1Pi,37.823,-122.25
1496,PA0SLA,52.267,6.786
1498,KG6JFY,37.852,-122.279
1499,pMiller,49.464,8.552
1500,N2TIQ,37.7461,-122.4178
1503,trgo.sk BA1,48.151,17.051
1504,F1JPK,47.5959265,-2.0307662
1506,iz1trk,44.408,8.982
1508,K8WTF VHF/UHF,41.344,-81.796
1512,JV16Bar,46.52302,25.36873
1513,ei6iz_rtsdr1,53.841,-9.372
1514,F8FFP,46.5444,6.2666
1515,Rohit Bhosale,17.683059,73.982991
1516,Groundstation Granada,37.107,-3.646
1517,RS-BGD-01,44.79,20.485
1520,Rokantiskes,54.706,25.379
1521,AE4ML,38.187658,-77.69588
1522,VHF Chelsea,-38.046,145.125
1523,UHF Essendon,-37.73561687577597,144.93418170642056
1525,Emleben,50.89164,10.69266
1526,Budapest UHF (west only),47.497913,19.040236
1527,v1,50.929,3.224
1528,GroundStation Rivas Vaciamadrid,40.358129,-3.533308
1530,SPA3NF,41.487,2.171
1531,Base APL,36.8381,-2.457106
1532,Test,32.38,48.4
1534,SV5QNF - VHF,36.102193,28.081392
1535,Alicante - EA5IHI,38.3955,-0.5132
1537,EB2FIZ,43.159,-2.067
1538,EA4FWU Base Station,40.382,-3.656
1541,TG9AJR,14.4954,-90.4679
1542,manxmatty,54.169,-4.525
1543,EA4CP,40.499,-3.346
1544,IK7HTB David,40.3958,17.2916
1546,test rtl-sdr,42.327,-71.145
1547,GS_SAT_TEST,48.91816,2.28374
1549,YO8OE,47.9357,26.375
1550,Meliana,39.522743,-0.371181
1551,KMSL,34.7448,-87.6675
1554,Traverse City,44.7631,85.6206
1558,PE1MET QFH VHF,51.914,4.495
1559,DB2OS-VHF-Omni,52.29,9.831
1560,EA6TC,39.55858,2.7805
1564,Kalisz,51.774166,18.058974
1565,Dumbravita - VHF/UHF - YO2MKE,45.8,21.21
1566,Old Yeller,42.273,-74.922
1568,Aetherbit LLC,33.01988,-117.064181
1569,Aloha Kona,19.639582,-155.97369
1570,mewil,42.55255,-83.2459
1571,Willy Violi,-32.95,-60.68
1572,Starbase Zero,49.457,11.038
1573,Moxon Turnstiled,52.180328,0.462334
1574,CALIBAN-UHF,42.248602,-71.63367
1575,Greenbelt MD,38.988849,-76.869396
1578,KB0UPO,35.074,-80.978
1582,KE0Hz test station,38.94278,-104.87583
1583,PE9DX,53.142979,7.03985
1587,Jdagosto,10.484468,-66.959891
1588,Pelham 123,52.271,-0.563
1589,EA5WA QFH UHF Albacete,38.985,-1.865
1590,flydk,-33.795879,18.483895
1591,Eddyosp-Mobile-1,20.65,-103.4
1593,ve3iix-1,43.775,-79.43
1597,YB8XM,-3.708,128.193
1598,Victor,41.58,2.0121
1599,Meteor_Aris,40.59918,22.98613
1600,SpaceSoc1,-33.95433,18.46263
1601,YC5ABK,-1.9139,100.8791
1602,IT9HRE,38.176,14.921
1603,G4OMG (VHF),51.333589,-2.440547
1605,Martin LU3EQ,-37.3125,-59.125
1606,Ziggy,45.213,-117.13
1607,LU2HES,-30.531,-61.957
1608,Juan Alberto PALOMEQUE,-35.9792,-62.7083
1609,Silicon Valley helical,37.4103,-122.09436
1610,ON2GA  -  Belgium,51.39867,4.76656
1611,Skyisle Ground Station (Ceylen 1),6.8945363,79.9226141
1617,Doggstation1,61.06139,-146.008874
1618,TOS,69.6715,19.0474
1619,RAUL PANELLA,-32.9375,-68.7917
1620,MakSat,45.764,24.199
1621,UpCountry_SatStation,20.831392,-156.336636
1622,OE1LHP_MAIN_L/VHF_JN88ff,48.22367,16.45567
1624,Michael James Finn,45.6875,-121.125
1626,Folly01,49.700718,6.14225
1627,IU5HIW,43.838,11.215
1628,VK2CEL,-32.75,151.75
1629,jengelsm,52.311,4.87
1630,KH2PM-FM05,35.5651,-78.8837
1631,Under Construction,52.256,9.743
1632,Bestagno,43.9324,8.0008
1633,MBSatCZ,49.03,17.63
1634,MartanStation,49.0344,17.638
1638,AI4LL,37.0208,-80.0417
1639,RIIS_TESTING,44.756,-106.966
1640,VA7EEX - UHF,49.48,-123.42
1641,Armi Ipapo 4I1DWE DEB GS,14.563,120.958
1642,DL4ABM,48.094,11.64
1644,"Thornton, CO",39.899,-104.932
1645,Baldivis,-32.334,115.823
1646,NZ-HH-12,-44.682,169.159
1647,Saginaw,43.464,-83.951
1649,Enlightened Labs,41.839,-72.879
1651,UB3WBC,51.868949,36.972106
1652,Leicecester IO92JP,52.652,-1.192
1653,PY3PK Testbed,-29.689,-51.113
1654,LU1AAT,-34.537,-58.469
1655,Test Station,37.38,-121.94
1656,loe1,50.632,12.738
1659,LepoSat Canada - looking North-West,46.018,-73.9233
1660,2E0FSW,51.872,-2.208
1664,DK0SB-VHF/UHF-Hi,51.42778,7.193999
1668,Saldanha,-32.994,17.966
1669,Jose - LU9AJK,-34.6198,-58.4488
1670,Station 1,51.308,3.858
1673,XE1SEW,19.0957,-98.2258
1674,Muna,4.748,-74.062
1676,TI3WTI-Paraiso,9.8319,-83.881
1677,do2fu,51.338719,6.341076
1678,FAU-AXA-0,25.994,-80.128
1679,kattin farm,36.08,-78.881
1681,TA4LYL,37.378717,27.254676
1685,EA4ADJ,38.942,-3.234
1686,QFH 137MHz - Yngve Frey,59.866,17.644
1688,CT2GOY,38.68029,-9.15849
1690,QRA NOAA Station,48.909916,2.172278
1692,GlasgowAstro Ground Station,55.834529,-4.30679
1693,Jeremy's Weather Station,42.973161,-78.7923
1694,F4IAI - Moussac,43.981,4.224
1695,Gareth Jones,52.4792,1.7084
1699,DD1US/3 VHF/UHF-Omnis,49.4015,8.4416
1701,NEMESIS,45.456,4.261
1703,D1848,53.58663,10.023603
1704,"Cabassango, Simulambuco, Cabinda, Angola",-5.556808,12.227656
1705,Seyu Yeko,45.347,-75.716
1706,Fiamatech,-4.818891,11.908571
1707,Africa Digital Industry Communication,-4.761719,11.888003
1708,opensky-01,17.247253,80.151443
1711,VA7DLT-aSat1,50.675,-120.355
1713,14FCF11-02 Mobile SDR Station,41.4659,30.159
1714,XE1AZM-Rpi-01,25.666,-100.377
1715,Enlightened-labs-Kona,19.566,-155.966
1716,BV9AA_S1,24.43713,118.31838
1717,Beep beep,52.51259,6.09105
1718,YD0NXX,-6.2587,106.7793
1719,Home,35.024,-83.717
1720,Eureka Valley VHF,37.757537,-122.439875
1721,Test-CZM,20.499,-86.957
1722,CPT_Picard,26.444,-80.126
1723,ve2esm,45.5891,-73.3311
1724,Brno Medlánky,49.24,16.568
1725,ok1phu-2,49.775,16.067
1726,agustinus robert tuanubun,-3.636273,128.248711
1727,YU1WAT,44.353,21.44
1728,KN4ABF,39.74846,-104.997437
1732,ziaNogs_001,35.0,-106.0
1733,ENS_TEST,43.912,1.276
1734,MFA_Testing,48.165,17.079
1735,Paddock wood ground station,51.203,0.456
1736,G4ZJH,52.218,1.48
1737,ZS6CMO,-26.25382,28.1016
1738,F4CQJ,46.002,4.0618
1740,VK3DCU,-37.771821,145.014635
1741,Seligs Home,-25.772436,28.228654
1742,EB1AO - VHF IN TEST,42.23,-8.72
1744,LU3DCK,-34.451312,-58.914265
1746,RTL_SDR_DEMO,19.44,-99.12
1747,RTL_SDR_DEMO,19.4978,-99.12692
1749,K8WU,42.464264,-83.125
1750,PySat_MSU_TESTING,39.615,-104.791
1751,ramon-yv3amv,10.3364,-68.7637
1753,Frank Walker,-34.2144,150.5725
1754,TA2KMC,41.31441,31.378819
1755,Louis Haarhoff,-26.716165,27.814783
1756,YE0EEE,-6.22,106.44
1758,XE2JC,23.201,-106.428
1759,Guinan Street,42.3958,-71.2083
1760,Lw9edz,-34.695,-58.48
1761,DoxGS,49.216,18.745
1762,Esslingen Station,48.73,9.31
1764,Eleuterio Roman Garcia,37.125,-3.666
1767,EA4CO,41.16635,-5.36784
1772,F4HZA,48.966,2.071
1773,School of Telematic´s Radio Club,19.24,-103.69
1774,YC5YC,0.479,101.375
1776,YC9DCK,-8.6846,115.2443
1778,TerraStation-Testing,-35.263,149.132
1779,EA1HTB-SAT,43.26,-4.06
1780,YD8MABS,1.042096,120.829319
1781,7X3WPL  SAHARA-DX  Radio-Club,33.794275,2.861906
1783,HSFL UHM Ground Station,21.298,-157.817
1784,Kalek,50.576,13.325
1787,NCG,59.44211,24.36978
1788,INTEC University - Dominican Republic,18.51,-69.987
1790,teste,-15.790775,-47.919932
1791,Binar-IAES-2020,-32.00611,115.89333
1794,test44,41.60133,-87.12599
1795,DL8LAQ,53.835,9.971
1796,AM_nml,46.1415,15.28
1797,DL4EEC-SAT,53.64583,7.9583282
1798,LSI home-station,43.4591915,-3.8170473
1799,NieFi Ground Stn,43.2533,-79.96673
1801,ES-PO | EA1FDQ,42.423884,-8.64625
1802,NSPO,24.784681,121.002008
1803,Robbie,53.55,-6.8
1804,Olomouc,49.58,17.247
1806,ve4drk-ve4wsc test,49.863,-97.111
1807,S57NML,46.1415,15.2258
1808,DH6BB-VHF-Omni,53.425,7.699
1810,NCG2,59.356579,24.288945
1811,YD4RWH,-3.4694,102.519161
1812,HK3A,4.77,-74.043
1813,DL4EEC-SAT-L Band,53.64583,7.958328
1814,YO8SDE2,47.17431,27.575689
1815,Saturn-MSD,60.06,30.44
1816,The Ranch,-33.786892,151.157412
1817,R2 pi in the sky,39.25,-84.35
1819,Ohio University Airport KUNI,39.211,-82.223
1820,U Sergio Arboleda - Ing Electrónica,4.661238,-74.059732
1821,École polytechnique,48.714,2.207
1822,STATION DE TEST CNES (INISAT),43.558,1.482
1823,Test,-12.139301,-76.957193
1826,Boop,21.39211,-157.79919
1828,ON8GE,50.4792,4.375
1830,Test 1A-UHF,21.176469,-97.740358
1831,Mojave-UHF,35.169951,-117.825995
1832,Gary  - JJ1QFM,35.6875,139.7917
1835,Leo Liu,51.075174,-0.326736
1838,pjotr,53.25667,6.45972
1839,Liverpool,53.3805,-2.86368
1840,SURIYA THONGTHIP,15.131923,104.291294
1841,M0SZT VHF/UHF az rotator,53.0027,-2.1794
1842,HSFL Portable UHM GS,21.297,-157.816
1843,GEORGE KONSTANTOPOULOS,37.982,23.765
1844,LDSAT,67.102274,15.390288
1845,RUH_1,24.717,46.677
1847,ON7IO indoor,50.653,4.554
1848,Test Ground #1,45.2204,10.7566
1850,Ann.Simf,44.952116,34.102411
1851,ML Test,40.058879999999995,-75.399168
1852,SMTA,13.691191,100.61054
1853,ON7IO outdoor,50.654,4.556
1854,SAT-init,43.536,1.48
1855,Ke Ao - Honolulu Ground Station,21.2811,-157.8266
1856,LU2CI/D,-34.540645,-58.530481
1857,VU2YQ-1,15.403,74.008
1858,HS4QLM,16.971631,103.439834
1859,Vianney,48.0104,7.3003
1862,testing,34.16,108.54
1866,PD3T,52.016107,4.437117
1867,HSFL GS For TLEs,21.297,-157.81631
1869,Lake Geneva Space,42.55,-88.51
1870,ESTACA-INISAT,48.788,2.041
1871,CR7AZP,41.499593,-8.475794
1872,M7BNN,50.603,-3.622
1873,Dawid,50.1667,23.1167
1874,VU2ZMK,15.386,74.041
1875,DE3JGA,48.3734,7.8836
1876,Home,39.3194,-76.423
1877,W2KGY,41.391482,-73.955972
1878,dddidier,47.289456,5.10382
1880,Gladsaxe,55.7339,12.457
1883,IU3MEY,45.13962,11.062044
1884,OY5EMP,62.018,-6.762
1886,VK6XOR,-31.7728,115.98752
1890,RX700-1,35.6,-97.55
1892,W9KM - Naperville,41.731215,-88.126402
1893,Beijing Telemetry,40.0,116.35
1894,KO4AQF EL98,28.0,-80.0
1895,VE4SW - 2m/70cm turnstile,50.147,-95.769
1896,Estacion Terrena,-3.986771,-79.197845
1897,bufo_in,23.2324,87.8615
1898,PA5TA @ JO33oe,53.180318,7.204439
1899,temp,32.166,34.828
1900,PU2LVM,-23.543064,-46.760456
1901,UPD Amateur Radio and Satellite Station,14.6,121.0
1902,daniel  alberto juan,-32.5504,-69.32086
1903,G7GQW,53.27,-2.93
1904,OE3XOE,47.51,16.038
1905,Entroncamento_TrainCity_Portugal,39.469792,-8.47743
1906,Margem Sul Station,38.619811,-9.12522
1907,Dummy Load,40.187724,-105.113228
1909,UGA SSRL Ground Station,33.9486,-83.3752
1910,JO33oe VHF/UHF #2,53.18063,7.20583
1911,Luke Coffey,-37.59756,143.831
1912,Sledge,39.686,-75.772
1913,LU8ESQ,-36.897,-60.31
1915,VHF/UHF EA4RCT Satellite Station,40.452,-3.726
1917,test,-14.062777,-72.568333
1918,TUDSaT Rotator,49.86092,8.682462
1919,genbaneko_yoshi,35.709,139.5
1920,VA6RPI Alberta Canada.,54.8917,-112.2982
1921,Test-PrZira,50.641,3.084
1922,PCIS,4.711,-74.097
1924,vaw,70.37,31.1
1926,Horizon,28.68484,77.293797
1928,ENSEIRB-MATMECA,44.807,-0.603
1929,vk5asf,-41.126362,146.829552
1930,10K10,-27.604,-48.524
1932,TABY,59.4506,18.10066
1933,Blankenfelde_DE,52.34114,13.40414
1934,yo3hjv - Adrian,45.1167,25.65
1935,GS001,54.922651,-2.972936
1937,Zubiena,45.493,7.998
1938,MJ-1,34.76,134.859
1939,DEPS1,47.532,21.67
1940,AvonTest,-36.904588,174.695492
1941,EA7AZH base,37.775671,-3.791163
1942,EA4GAX,40.729745,-3.865003
1944,NL-13958_Sappemeer,53.161007,6.788007
1945,ES-ENM | EA1FDQ,42.396,-8.706
1948,KB1SQX,43.26877,-75.84613
1949,edgar,33.897178,130.820634
1953,SM1TDX,57.49,18.15
1954,Dirk,53.546,7.58
1955,Oxford,51.752765,-1.277417
1956,Avia-test-3,10.0,10.0
1958,G4lile0_mpole_433,40.67,-3.944
1959,"San Juan, ARG",-31.5626,-68.5033
1962,KD8GBZ,41.226,-83.005
1963,Erik,51.39799,4.761185
1965,PE1JZU,51.491,3.595
1966,KD0WGV Vert,39.879604,-105.105033
1967,SQ9DIQ,50.014,18.452
1968,DL6DJ,49.079622,11.896766
1969,GEDE YASA SURIAWAN,-8.28927,114.9767
1971,2E0NCL,53.2496,-1.9417
1974,NARIT_Astropark,18.853364,98.958484
1975,VU2XJ,12.86884,77.594958
1978,Colonial,37.517,-76.978
1979,M0IEB/A,51.15,-0.483
1980,Spetbyskola,59.213,16.222
1982,YD0AVI GS,-6.2612,106.7938
1987,PalmCoast,29.591172,-81.206222
1988,ZXSP-SAT,-23.541,-46.552
1989,Hoel Didier,47.6042,6.125
1990,Con rotore,45.492758,7.997542
1992,MATTHIEU,48.8427433,2.2576344
1994,1,51.6875,45.625
1995,SURGOINSVILLE,36.547,-82.876
1997,CERGA - ACRI-ST,43.665221,6.915273
1999,PY2SDR,-23.1042,-48.375
2001,Yonsei University,37.563889,126.934444
2002,BX1AD,24.6705,121.7751
2004,N8AWB,38.3628,-82.228
2005,BN0CU,24.971765,121.191155
2006,Mataro,41.54211,2.4445
2007,HILO - KO4VTR,28.303889,-81.412778
2008,DAWLY,50.587,-3.468
2010,KV5TX,30.276,-98.043
2011,VU2PJP,10.81,76.63
2013,Kozuchow,51.74558,15.59492
2014,N9JPG,41.886,-88.143
2016,MiTEE-CSRB,42.294,-83.712
2017,Root Access Fresno CA #2,36.804,-119.82
2018,M7SLI - Omni137,52.77709,-0.38042
2019,BV5PD/3,25.017801,121.264988
2020,I2KBD Alberto,45.481,9.178
2021,BV5OO,25.004,121.532
2022,KD8DRG,41.0552951667,-81.6844449722
2023,W2GMD-NOAAPi,37.76,-122.4977
2025,Dagra_1,-27.39476,-55.975093
2027,KD5QZG - UHF/VHF,30.179025,-92.05415
2028,Alegz,46.56,30.79
2034,SQ9HHV,50.09016275,18.2223811
2035,TerryYoung,51.77055,0.79838
2036,F4HTN,50.433,2.934
2037,W6LHI one,36.981,-122.026
2038,LunAres-UHF,53.175,16.726
2039,K4CKB,35.75,-78.66
2041,YG3FXC,-7.3125,112.7083
2042,2E1CUT,51.407,-1.25
2043,BV5PD,23.718963,120.539151
2044,Test,41.4,2.16
2046,MidMarylandFixedAnt1,39.3076,-77.0297
2047,KTH MIST Ground Station,59.35,18.072
2048,KI4AOA,37.404,-79.186
2049,F5UII,47.74015,7.36
2050,Northeast Sat Listening Post / AG1A,42.609,-71.422
2052,CSF UCF,28.559,-81.186
2053,PA5JK,52.70291,5.293987
2054,SQ3DHO Ground Station #2,52.415,16.828
2055,House_station,19.504,-98.807
2056,Nubes,19.3453,-99.16
2057,PA5OXW-Test,50.904,5.78
2058,Kermit's Freehold,39.107,-76.874
2059,KD9ODH,42.55675,-87.86922
2060,SMPi,33.1474,-117.16323
2061,Bottrop Satellite Ground Station,51.599,6.901
2063,Talos,40.99215,22.870941
2064,F1ROE,45.98,4.21
2065,GG87ja,-22.978983,-43.23574
2066,OH2UDS-HS-MarsOnEarthProject-2-Finland,60.163,24.688
2069,SQ8IJN,49.626224,21.823517
2070,SIA GS NEW,41.89306,12.48278
2071,Dominique Gering,49.997535,5.062219
2072,IGOSAT_UP,48.8125,2.375
2073,F4IQE,48.064,-3.412
2074,ON4DAK,50.869,3.151
2075,MXL-PM-1,42.398775,-83.935688
2076,BOULNAT-test,50.828,4.371
2077,Picksat,53.29,-2.477
2079,Peach Mountain Station,42.294762,-83.710696
2080,USU GAS Yagi Fixed SW,41.744,-111.805
2081,NA5SS,35.270367,-106.6303
2082,DS1,53.272,-4.167
2087,ncap,33.5172,-111.9142
2088,initium,6.238,-75.55
2089,DV1YKL,14.565,121.02
2090,NA5SS,45.7977,-122.72149
2091,Rowhedge,51.858,0.947
2092,SY1DNT VHF,37.938,23.762
2093,KD9QOG,41.598,-86.24
2094,Alzey_DB1ID,49.739073,8.108058
2096,NEPAL-PQ1,27.633306,85.416665
2098,PA5OXW Yagi MASTPRO 2X2/70,50.904153,5.78026
2101,Storm's Station - West MI,42.999414,-85.823458
2103,YD3AGU,-7.31885,112.72082
2105,IK0USO,41.9,12.42
2106,Torrelavega,43.3643,-4.0448
2109,G7UOD,52.04,-0.694
2110,Xberg,52.49415248798225,13.402708224103694
2111,KMSL GS,35.137051,126.92846
2112,VK6KAI,-32.08,115.857
2113,VK6KA,-35.09,117.938
2114,"OK1IN, Slany",50.1894703,13.9993081
2115,KSU,24.72306,46.617443
2116,IK2VUA,45.8011,9.8438
2118,markunca base,49.90294,14.03796
2119,OM5KV,47.77461,18.09257
2120,7Z1SJ,25.271,45.875
2121,JJ1TBC_on_roof_of_teTra_aviation,35.8236508,139.6334973
2122,Goldford M0ROJ,53.0668,-2.7432
2123,soletop-dipole,36.393037,127.404503
2124,Sky1,26.0662,-80.2949
2126,JR-CHI-SN01,41.748194,-87.727111
2127,FERHAT BOZOKLU,39.5727,32.359999
2129,Max,18.568437,98.867831
2130,PQ2HX - Hermes,-10.7137,-48.3869
2131,SKITRAC,13.0553,80.2496
2132,HS0AK,13.819071,100.513699
2136,IU2JWG - San Siro Space Ground Station OMNI,45.481376,9.118242
2137,amzogh,33.9125109,-6.1978139
2140,"Radioklub, Gyongyos",47.782554,19.928777
2142,test_test,55.850368,37.578181
2143,VHF Liptov,49.052,19.398
2144,RX Costa Brava,41.79161,3.027917
2145,RISE_GS_0,44.349981,26.031099
2146,Grassator,49.257,12.969
2147,PD5TE,52.069,4.52
2149,Test,46.00075,5.9068
2153,Langhecke,50.3884,8.2852
2154,PC4L,51.4901,3.8236
2156,1285NGR,40.472671,22.960373
2157,Dalriada,55.939,-4.209
2158,Buran's satellite control center,50.843119,20.63998
2159,ITSDLab SatNOGS,35.137065,126.928298
2160,SpaceJLTZ,19.061488,-98.2755
2162,F4IMT,48.734,1.695
2163,VK4JAS,-27.20937,153.006546
2165,ea6/ei8fdb,39.57267,2.6698
2166,DM4GO,52.5248,13.1144
2167,OM7TEK-1,48.747,19.141
2168,Lexington SC,34.0049,-81.2779
2169,Lab38,42.07,-72.62
2170,Leon Fourie,51.2083,-102.4873
2171,AU_Grundstation_Prototype,56.1629,10.2039
2174,Test Project,43.614,7.07
2175,G0LGS,51.883,-2.1
2179,M1SJE,52.666,-1.14
2180,V-dipole,60.775355,46.33
2181,KA1SRS_VU,42.271,-72.708
2182,krawarree,-35.766,149.766
2184,df1vb_omni,51.5027,7.4577
2185,Tsukuba-UHF-Yagi,36.085,140.109
2186,Caignac,43.31963,1.71052
2187,DO9KAS,52.343,9.707
2188,tinyEye,53.440572,14.449649
2189,KN4OWC,38.5,-82.64
2190,Canberra ACT,-35.2127,149.071
2191,WSP19N,52.217,5.454
2194,Ground Station,48.297298,14.424257
2195,OZ9ZL,55.945403,11.889439
2196,SanoSat-1: Kathmandu University Robotics Club,27.6182,85.5374
2199,SQ8IJN-Oscar100,49.626316,21.823492
2200,Test station,52.730708,15.220422
2201,M1TLK,52.004,-0.992
2203,Luis,9.859587,-83.904161
2204,ncd,27.313445,-82.457548
2205,OM7AAK-Kov,48.599,19.105
2206,Miki,41.8959,1.875
2207,SF1,35.698,-105.964
2208,PU3DRO,-30.731643,-55.390872
2209,LZ1NY,42.686255,23.257246
2211,KYTECH_Highschool,35.638,140.105
2212,TI3IES/2,9.97,-83.99
2213,HS8KF,8.98858,99.324964
2214,VE2CEV - VHF - UHF,45.31032,-73.744785
2215,Sines,37.95992,-8.85089
2217,Goldrak,39.4899,-8.5483
2219,INOP_42,47.856111,11.482222
2220,Mogielnica - S-band,49.979,21.913
2221,Francis Ground Station,31.76764,-106.43497
2222,nCAP2,40.513,-111.401
2223,Northern TAMATAMA Sta.,35.77026,139.472888
2224,Ayr South Astro School,55.427,-4.622
2226,Inti02,12.141,-68.92
2227,VK5DMC,-33.193275,138.00191
2228,capper,-33.8603,151.0236
2229,Campus Zuid test Ekeren,51.2027778,4.38972223
2230,TriSept-2,39.134,-77.756
2231,Luis TI3LRR,9.859,-83.904
2232,TB4DMH-Kiziltoprak,36.894,30.726
2233,Bob Nagy,34.469,-93.027
2234,JITSAT,12.889627,79.874094
2235,RGDelta,39.117586,-84.43976
2237,f8avp,45.379,4.823
2238,swl38,45.382,4.824
2239,OsmnTrgt_TA2RTO,41.45204,31.76209
2240,ve3gtc,45.3,-75.3
2241,Test Station,1.343,103.681
2243,PMD-UHF,53.442,-7.91
2245,Sangli Ground Station,16.88867,74.5816
2248,Vickram Mungul,-20.1654,57.4896
2249,9W8DNX,4.3125,113.9583
2250,dev2_Utest,4.134158,-73.620425
2251,SEB21,47.31663,5.036846
2252,K0RET-1,35.15,-90.011
2253,N4BDH,36.765,-76.33
2254,G6SGA,53.0751,-2.257871
2255,"WO3T, Carm",40.45471,-78.21322
2256,Dhones Paulo,-4.357045,-39.305802
2257,LSat1,30.455,-86.91
2258,SQ2WPK,52.118,21.022
2259,KC9XG,41.5722,-88.055
2260,i8fuc,40.645,14.409
2261,Cascade Shores GS,39.26516635970725,-120.91183241188791
2262,VU2LBW,12.891242,77.6003
2263,KO4BHX - Rougemont - NC - USA,36.227,-78.943
2264,UTAT Heron Mk2,44.651,-79.801
2265,HI8DGS,18.513805,-69.9824
2266,Tinybox,53.426539,-2.172211
2268,S57NML,46.500001,14.1554
2269,S57NML,46.166667,14.16666
2270,S57NML,46.166666,15.16667
2273,"Jandira, Brazil - PU2TKN",-23.536751,-46.901988
2274,NASA D-NAT LoRaWAN,37.34193,-122.00508
2275,Home,44.93953,-85.372279
2276,LA7QTA,59.662,10.641
2277,kg4zie-satnogs1,36.004,-86.722
2278,FCNA2021-1,42.563,-83.154
2279,kg4zie-satnogs2,36.145,-86.793
2280,GS_SKRA,53.349,-6.279
2281,MAUFOX,-20.258061,57.474033
2283,VU2CWP,10.35,79.37
2284,W0DHB,40.10417,-105.125
2286,QFH RX (F4IXT from LATMOS),48.778,2.0486
2287,Test :),35.038,-80.795
2288,DW9ILX,6.7394,125.3557
2289,"VE2TCP, UHF/UHF Vertical",45.5107296,-73.506477
2290,SQ6SKR WRO,51.099,17.076
2291,Primary,35.066,-106.615
2293,JN 13 DG,43.26747,2.28926
2295,R2SCN_GS,54.62,39.768
2296,ground test,30.32365,-81.55108
2297,test1,39.57,116.21
2298,l3an3r-gs,42.3314,-83.0458
2300,Feodosia,45.031999,35.381342
2302,AB3ZW,39.47224,-76.33227
2304,Marine Engineering,-3.654,128.195
2305,on7ndr,51.22917,3.541671
2307,HB9FPY-2,46.906,7.277
2308,M7SLI - Yagi435,51.241348,-0.60149
2310,Algol,56.017149,92.778481
2311,b095c09b3beaf14b9f87e24905e61f56aeaa772b,1e-06,1e-06
2313,WXGirl,26.11,-80.399
2316,IK1HGI,45.417,8.7747
2317,SWSU BAA,50.78,38.6
2319,Dmitry Pashkov R4UAB,54.072,44.996
2321,HK4FZ,6.17453,-75.5832
2322,Robert Guertin,29.6,-82.427361
2323,fr1di,-21.29601,55.45425
2324,LU1CJM-1,-34.57552,-58.47687
2325,In-Space Missions,51.15,-0.962
2326,JBSC,-31.9,115.8
2327,Atwell College,-31.95,115.8
2328,Atwell College,-32.1453,115.8647
2329,Radarvirtuel,48.094,-1.684
2330,EXPA Sitiny,50.002,16.223
2331,S2,1.3432,103.681
2332,K2MST - Musuem of Science & Technology,43.047,-76.156
2335,(DL|IZ)2XHB,49.811187,8.56969
2336,Alejandro Pérez Martínez,6.179817,-75.583963
2337,VE2GVB,45.243164,-73.80553
2339,test,52.179,9.467
2340,Omni Dipole,34.11793,-117.47324
2341,KATHOUSE,51.195,0.896
2343,Wahyudi Pratama,-2.25311,113.9252
2345,esculca,40.61106115804979,-8.609370469843382
2346,LORA Feather and RPi in loft,52.479998,-0.899007
2347,bbr,17.244,78.48
2348,ISML Alton,51.149696,-0.961515
2351,Mock,78.0114,56.444
2353,blo,52.2,20.6
2354,HK4D-GuarneStation-RPI+SDR+BiasT V3,6.306,-75.467
2355,NyeGS,51.644139,-0.185813
2356,CadetsGroundStation,41.65,24.57
2357,Yagi Down Under,-27.552099,153.223877
2358,HKUST GS,22.33858,114.26408
2359,F4CQA,47.011,2.354
2360,Roof Yagi,38.6875,-9.334
2361,DalrySat61,55.70718,-4.722656
2362,JE9PEL/JR6,24.45874,124.14023
2363,IK6GZM,42.8958,13.4583
2364,BC WAFN,-32.093,116.043
2365,Geddes,-31.97546,115.88702
2366,NOAA_mobile,49.514524,16.084304
2367,Privat Test,26.1,38.8
2368,MyHomeDemoStation01,50.0,50.0
2370,JE6VHE UHF QFH,33.846155,130.905597
2371,g0bco,50.794331,-3.2083
2372,FCNA2021-2,44.10388,-84.45516
2373,Konkoly UHF,47.5,18.964
2375,G4MEM,54.0,-1.5
2376,IU0POY,41.76,12.35
2382,spectre,46.91,7.414
2383,BG7FDA,28.27653,113.15133
2384,UMSAT,-33.432,-70.619
2387,DARCSTAR,51.27883,7.18389
2388,F5WK,48.656,2.64
2390,ON4DPX,50.812,3.18
2393,Sthlm,59.30225,18.10271
2394,YC7OIZ,-2.253,113.925
2395,ke7eqv - 001,45.474,-122.451
2396,m1evn_tgs,51.78105,0.90997
2397,Salvador SANZONE,-34.655826,-58.540316
2398,EA1CQP Benavente,42.0085,-5.6813
2399,STAZ. 1,41.5,12.6
2400,HS3LSE,14.91,103.49
2401,xv9pid,21.023,105.542
2402,DISCO-1 mobile ground station prototype,56.167288,10.198594
2403,Richard VE2DX,45.519892,-73.796258
2404,GSDur,37.297,-107.864
2405,PlzenFEL,49.724,13.349
2408,DL1YAQ,52.19587,7.84567
2414,GS1-TEX,19.927,-98.438
2417,NYU Cubesat,40.69326,-73.98761
2418,QTH SJC,-23.228668,-45.924406
2419,Leonel A. Jimenez Ramirez,10.02359,-84.1899
2420,KE8PTU-RPi,42.281391,-83.738642
2422,test,39.96052872488913,116.35626722786712
2423,emarcind,53.93,14.55
2424,McKay,33.667,-117.757
2425,Cottesloe - 2m,-31.982,115.764
2427,PU2OYH Base,-23.521667,-46.793333
2428,University of Manitoba,49.805626,-97.14278
2429,DL4PD-tiny,50.749791,6.216148
2430,SPACECLUB_TO1,43.70444419541477,-79.36859432181807
2431,DLSouth,49.1042,8.5417
2433,M0KSF,51.244,-0.588
2436,OK1XHC,49.875351,14.901109
2437,Ground Station Tenerife,28.484,-16.327
2439,Martin VK6MJ,-32.528,115.747
2440,"Crestview - Winnipeg, Manitoba, Canada",49.897,-97.298
2443,Ignition,29.319,48.04
2444,OS - Uniquely,29.32,48.026
2446,VK2WAY/SYD1,-33.888,151.198
2447,N6FR,33.87,-118.37
2448,IAUPRBC,18.354,-66.1821
2450,mesut dengibilgin,41.204038,29.044472
2451,Michael Luft,32.1042,34.7917
2452,The Light on the Hill.,-37.77083,143.625
2455,LU4WAC,-43.305,-65.098
2456,KI7TZP - Campbell,37.288,-121.946
2458,f4iku,50.674,3.103
2460,LEON CG,10.61,76.1
2461,N1ESK-Loudon,35.694,-84.27
2462,Enrique Francisco Colombo,-34.609,-58.493
2464,AgroTech_001_TestSat,40.694338,-74.100155
2465,cubesats,41.946426,-87.707413
2466,CM2ESP,23.104,-82.458
2467,CSU Guyane,5.16096,-52.65401
2468,SAKIS PAPADOPOULOS,40.57643,22.96397
2469,Hilltop Cottage,53.271,-1.817
2473,YV6AE,9.4375,-64.4583
2474,garage_uj,50.02943,19.90531
2476,Bloor/Yonge,43.670284,-79.380746
2477,arkMartin,47.321,7.844
2478,Alboin_Kontor_2m,52.466,13.37
2479,ha2ecm-satnogs,47.797983,18.742133
2480,TI4OP,9.978933,-83.98674
2483,Eriskiai,55.57,24.25
2484,DP_UHF,42.83,-86.17
2485,LVIV-1,49.805,24.006
2486,PrGPlm,48.7447,-3.4709
2487,FH-1,-35.05144,138.60487
2488,FH-2,-34.9178222,138.48088502883914
2489,home,35.663297,140.071863
2490,Rollerstation,41.168831,-81.440369
2491,TA2SUA-UHF,39.8914,32.6824
2493,ke7qvc,32.313,-110.862
2494,PItts,42.475923,-73.295303
2495,SPACECLUB_TO2,43.704,-79.369
2496,blkmsa_ground_station,34.027191,-117.10452
2497,G7EIX/W4 Home Station,36.071699,-78.536221
2498,ConnorLane,33.07647,-96.573
2499,Laz Dipole Station,41.182486,40.900039
2500,Wolfgang HB9RYZ,47.17,8.427
2501,CRD,-45.8573,-67.4974
2502,VK6HIL,-31.8227,115.7805
2503,Quantum GS,27.635073,85.328321
2504,DL5FAB VHF/UHF,49.859,8.66
2505,AC6RB,33.60223,-117.710314
2506,Burnley,53.788,-2.296
2507,lu9mah,-34.72,-68.35
2508,EA1BCU,43.549,-5.922
2512,Krausnick Ground Station,52.0299,13.8284
2513,IGOSAT_rotor,48.827569,2.38043
2514,Murgrönsvägen,55.651,13.112
2516,UpstateNY,43.455561,-76.234244
2517,Ponent Aerospace GS,41.605,0.606
2518,NU6XB,37.9,-122.29
2519,BEEGND-6,52.515049,13.323601
2521,MXL Low-cost GS,42.293162,-83.710778
2522,Nader Omer,15.64,32.500001
2523,VK2GPU Ground Station,-33.726,151.073
2524,Pérez-UHF,19.296117,-99.221475
2525,Raspberry,45.35,9.22
2526,SiamAngel,13.945788,100.570884
2527,Christian Monfrini  (LU1AEF),-34.62,-58.41
2528,KB3WFQ - V/U,40.238938,-75.499546
2529,KEREL-OPTICAL1,50.73644,7.11072
2532,G7UXW,53.24,-2.477
2534,GS-CHASQUI-II,-12.024,-77.048
2535,Odyssey5,-35.188906,149.156208
2537,H-Base1,-31.903707,115.787063
2538,hh,-31.903707,115.78707
2539,PA3EKM,53.18283,6.54443
2540,Bob Ambrose,51.535,0.733
2541,S51BW-1,46.04475,14.4676
2543,Home,39.750081,30.461605
2544,RadioKootwijk,52.177,5.834
2547,f4eca,45.603,4.314
2548,Friterie-1,49.896,8.834
2549,Um Alaish 4b,29.11,48.124
2551,Space View,52.0723,9.44259
2553,GrountStationForTest,4.66666,-74.66666
2556,Jonathan Davis,33.42,-111.949
2557,KC4NGO,28.096,-82.046
2560,APU Ground Station,34.1338,-117.8951
2562,SpaceTCH GS,41.6845993,44.8983376
2563,SP5WOB,52.17115,20.554813
2564,Alberto Villegas,6.1748,-75.8832
2565,clay-KC1LJV,43.52,-71.465
2566,KC3RVH,38.885,-77.093
2567,UGA SSRL COSMO,33.94827,-83.376056
2568,Barnaby Osborne M6KGO,51.398,-0.293
2569,N2AL,35.76710464531428,-83.93730701610716
2571,SG1,49.61,14.9001
2572,SatStation UHF,45.23,20.22
2574,SKR-SAT,52.31389,14.44797
2576,SDR4FUN_SatNOGS_02,38.248,-0.52
2577,lkba,48.82209,16.84768
2580,Landot's Periodic Observation,44.0,4.13
2582,infinityGS,13.026,77.575
2583,YC8RPJ,1.449757,125.12673
2585,UNLaM San Justo,-34.666735,-58.566419
2587,SOLETOP A GS,36.393,127.405
2589,EMMA - EEA5LAM,20.75596,-103.450895
2590,HackaOThn,49.379291,12.709056
2593,EA4LE,40.5321,-3.9387
2594,Popeye 1,51.369646,0.116407
2595,Ground Station Zapopan,20.7966,-103.4524
2596,cnu-eeng,37.064,-76.494
2597,CITEC - FIUNA GS (Omnirectional Antenna) UHF,-25.295447,-57.487297
2600,E.M.M.A.-F.A.M.,20.752405,-103.459008
2601,SPACECLUB_TO3,43.7517,-79.50365
2603,N3UPS,28.49828,-81.26666
2605,DL1AKC,49.854,8.625
2607,West Oxford,51.753,-1.278
2612,QFH-1,35.906667,-84.456111
2614,HB9AKP,46.546,6.515
2615,PumaYuki,19.294,-99.11
2618,Shamika_Satellite_GS,6.5579694444,80.0106361111
2619,DL1UNX RTL SAT,48.16857,11.22692
2620,VA3IHS,49.054,-122.487
2621,PP2LA,-15.989475,-48.045033
2622,VA3IHS-Vancouver,49.214,-123.092
2623,vk2pet western Aust Discone,-33.1657,117.2543
2626,Papenburg,53.088,7.413
2628,plat0-2a,41.569,-87.818
2629,EA3IGY,41.480906,1.911992
2632,FroLSAT,41.403,2.187
2633,ibnou,-21.3538,55.4583
2636,HighC,47.392875,8.038709
2637,Tona,41.851,2.232
2638,SQ9ISH,50.115533,19.925882
2639,Nano Space,32.0,30.0
2640,Bull_Run_Mountain,38.9181,-77.6645
2642,CE.COM.,19.46,-99.2198
2643,Tatooine-41-VSY,49.781283,9.974001
2644,Largs SatNOGS | MM0HCF,55.79201149,-4.85393835
2645,TEONITE,53.469,14.563
2646,Hanos Orbit,9.040717,38.762725
2647,Faculty of Aeronautics TUKE,48.733764,21.274589
2648,Polis-Massa-19-VSY,49.787098,9.968108
2649,MoSaT,39.530278,-76.993333
2653,Sat Tarcker Lab,49.484943,18.040659
2655,YB3RDW,-7.29966,112.653002
2656,KC1FZL,41.7476615,-71.3531035
2657,G3VZV,52.0002,-0.655
2658,DM5TT Balcony Station,48.736,9.321
2659,F6FKQ,48.4651,1.448
2660,SLATINA,49.935,12.556
2661,Norad - VHF,46.14641,0.40408
2662,GroundStation,57.385,21.546
2666,Bazoomq,40.24,44.502
2668,Prestwick Groundstation,55.49403,-4.5993
2669,ZS6KNA,-26.087335,28.035689
2671,ii-lab facilites PSH,33.42094,-111.93139
2673,Telematica_XE1AO,19.229,-103.708
2676,PU2LVM-2,-23.543,-46.76
2677,GEOSCAN,60.003,30.364
2679,UwU,4.638,-74.085
2681,OBRok Ground Station (Test),38.7285,35.4398
2682,KD9UUU - PI4,38.605,-89.888
2683,Aerozono Space Technologies GS,-34.54,-58.79
2684,DreamCatcher,52.188,20.897
2686,NightGS,13.149192,100.93791
2687,UNAPEC Groundstation,18.473,-69.914
2688,EU1AEM,53.837,27.476
2689,Vaclav,50.213,12.63
2690,TA1KCK,41.043828,28.646106
2691,PU8MAV,-2.559,-44.227
2692,Plan-S,39.869513,32.743898
2694,OE6ISP_LimeSDR,47.03,15.267
2695,MXL-EDUGS-TEST,42.293804,-83.71215
2696,EuskoByte BILBAO,43.269948,-2.895368
2697,F5JYA,47.63,7.12
2698,The Hive,34.275,-118.428
2699,OH2CAV-HS-MarsOnEarthProject-1-Finland,60.164,24.689
2703,Cabalovce,49.226804,21.96348
2705,M0MMS Freiburg,49.40866,8.689171
2706,EU1AEM,43.312,21.888
2707,FERHAT BOZOKLU,39.95665,32.61111
2708,OH2AGS-0: Aalto Satellites,60.1871146,24.8178657
2709,Marc-pd5st,52.3099,6.7605
2711,SS-02,42.618,-83.161
2712,WB4NCT,34.808611,-86.991667
2714,PD3T - Camping,52.240268,5.615482
2715,Everest,26.481,87.28
2716,VK5HW,-35.555882,138.624007
2718,home,50.926055,5.171949
2719,-----OE6EUR15-----,47.047,15.468
2720,ve7txp,56.160014,120.560026
2721,ve7txp,56.269578,-120.940068
2722,Remos Space Systems,65.61772,22.12848
2723,EA1HXG,42.720459,-7.440861
2724,AYK,39.98372,32.550844
2728,oguzx_station,41.054983,28.764752
2730,"TOG Hackerspace, Dublin",53.486,-6.151
2732,InQube,32.739,74.824
2735,K4DQP,35.011,-81.058
2737,Home,37.750253,51.321167
2738,test,-34.695,-58.488
2739,SV5QNF_U,36.090895,28.086396
2740,Cox Science Center,26.66915,-80.069667
2741,Chiguru-trail-apartment,13.063,77.598
2744,UPB Pacha,-17.399,-66.219
2748,EA1IW,43.3,-3.92
2749,G0OFC,52.325169,-0.903289
2750,SP8ETM,49.991,21.988
2751,SJSA01-SPUTNIX-UHF,61.663201,129.390215
2752,Gilberstoun Satellite Observation Station,55.941,-3.096
2753,Okan Demirel GS,39.98374,32.55097
2754,F4HTS,49.4603,1.1297
2755,SQ3MQD,51.794264,14.967388
2756,m6pnp,51.252428,-2.175795
2758,PanariGS,35.5,139.5
2761,TA2NMU #2 (QFH-North),-41.1394,-71.3059
2762,Microwave Reception,43.430413,-80.546355
2763,Echternacher 1,49.81,6.424
2764,VU2EKV,17.4723,78.49
2765,HowardU UHF-1,38.985,-76.849
2767,VU3DCY,17.456902,78.533581
2768,Ground Station Alpha-SL,6.077325,80.158504
2770,UFO-DNAT,37.39864266812624,-121.99303390596695
2771,Ground Station Quijote Toledo,39.78912,-4.1682
2773,SF2,35.69,-105.96
2775,Test Station,23.0,23.0
2776,SV2HWM,40.594,22.958
2777,Colin Wagner,35.30085,-82.15741
2779,Alouette,43.874,-79.871
2781,DISCO Odense,55.400399,10.399154
2784,Aristotle University of Thessaloniki,40.627233,22.959887
2785,VU3BGK,11.372,78.726
2787,Pyramid Circle,39.943,-105.047
2788,OM5BDX_Test,48.183,18.643
2790,ON4MU,50.823,4.36
2791,NCC1701D,50.8,-0.7
2792,mbTestStation,31.9483,-102.3889
2794,AP2MS,24.99977,67.0814
2796,Ground Station University of Zilina,49.20189,18.75408
2797,N2NSL,42.631225,-73.863881
2800,cyr-exp,61.7897,34.38298
2801,M5MSX Ground Station,52.57602,1.66352
2803,ASU2022,33.727198,-117.167013
2804,kot,50.876075,4.710312
2805,testStation,55.693,37.348
2806,CEN@AMRITA,10.906247,76.897346
2807,SG2,49.61,14.9002
2808,Hawaii_test,21.337,-158.09
2809,MAUSyagi,8.5567,76.8609
2811,Planetary Group,17.44,78.43
2812,BX6AP station 1,23.161,120.157
2813,N7TUG,47.667,-122.393
2814,My_GS,8.625,77.034
2815,I0DBF,41.811667,12.623333
2817,EVT-GS,41.851,2.226
2818,EA4BPN-1,40.36074,-4.273225
2819,NCKU,22.937257,120.277565
2820,VRN_STATION,17.437,78.441
2823,BX6AP station 2,24.23321,120.9417
2824,ST-HN,21.112,105.437
2825,IISTGSAUTO,8.625416,77.034222
2827,Deep space,7.071278,125.613482
2829,EA1FLY Space,43.335,-5.926
2831,KK6SPK-Woodbourne,38.22452,-85.68979
2832,Groundstation La Coruña,43.31,-8.381
2833,SV1SSF,38.027,23.718
2834,kc0iyt,42.415146,-71.117184
2835,Aditya Ground Control Station,17.0895,82.0668
2837,KB7KY-UHF-EXPERIMENTAL,33.44723,-111.92994
2838,SV3IRG,37.6459,22.716944
2839,Prashant,25.3271,51.1967
2840,JA5BLZ,33.61344,133.67867
2842,Monopole,-34.92145,-57.95453
2845,JN39UK 89sx,49.45827,7.73972
2847,KF7BMU,13.2,144.4
2848,SV9QCX,35.270863,25.136378
2849,HAN-ESE,51.988,5.952
2850,PE1MEW,52.211,5.983
2852,1411-137,55.758028,37.643878
2853,Spx,55.6933,37.3472
2854,VSEC BVRIT,17.724346,78.254335
2855,"Manta, Manabí, Ecuador",-0.96212,-80.71271
2856,13TH769,54.32562,10.07524
2857,UVigo Spacelab UHF Discone,42.17,-8.688
2858,SPORADIC RA3WRK,55.76,36.98
2861,IU0JIW,41.49,12.62
2862,EI9HAB,53.276,-6.346
2863,KD2OIE,38.002,-84.454
2865,OK9UWU,49.33,18.0
2866,TestGS1,45.81444,15.97798
2867,UTNFRP,-31.45,-60.3
2868,Obdzervatory,29.90304,-89.991104
2872,Farki_3,48.058,17.363
2875,Aditya Satellite Ground Station,17.091,82.067
2876,tokyo_v-dipole,35.713,139.762
2877,Satellite station,16.3,-61.5
2878,University Test Station,29.88886,-97.947049
2880,N7NMD Lab/Test station,33.45392,-112.09384
2883,SS-1 - PSN Cikarang Ground Station,-6.326463,107.148308
2884,ii-lab facilities eggbeater,33.418,-111.933
2885,DL2SDR,53.809,9.6353
2887,2M0JUM,55.99,-4.552
2890,RP3B SatNOG,52.382,4.909
2891,GS Spiez,46.6966,7.6648
2892,SK,-34.97,138.5435
2893,ERAU-EagleSat,34.614697,-112.450313
2894,M1DDD,53.2708,-1.7
2895,Mecharocket,21.075249,-89.657059
2896,ea1awv,42.308,-5.429
2897,John Cattigan,56.65546,-2.50896
2899,VA7LM,54.068466,-128.64
2900,DL0FHA - FHASOF Groundstation,50.7649,6.0794
2901,Peter Portanova,40.888172,-73.286856
2902,VEXUS,-35.015,138.605
2903,Gemini_VHF,22.998,120.219
2904,Koktebel.Top,44.968972,35.268451
2906,oduman_station,39.87,32.743
2907,GS_CubeSat,47.015,8.306
2910,test-station,51.31509,4.42499
2911,ES4RM,59.459378,28.047942
2912,AGSN1-VHF,38.665183,-2.491282
2915,Homestation,55.7709,9.625
2916,GFS,46.112,19.651
2917,AGSN2-VHF,38.669227,-2.49132
2918,AGSN3-VHF University of Castilla-La Mancha,38.978594,-1.856633
2919,EA7TB,36.714,-4.252
2921,S. Handler,42.19,-88.1
2922,ZXBCN,41.38,2.19
2923,Carlos Henrique Dell Aquila,-23.1875,-45.875
2924,M0SAT,51.64292,-0.41471
2926,SpaceTeam GS01,48.189,16.396
2927,YC8UMD,1.365144,124.827759
2929,Bloor Yonge 2,43.67,-79.381
2930,Paddling Industries_70cm,27.1893,111.8859
2932,ChaosGS01,48.216,16.464
2933,Omihachiman-V/UHF,35.1034,136.0745
2934,UFS-GS,-31.52,-64.464
2936,jesus,20.0,80.0
2938,ATLGHSKKD,17.170408,81.826538
2939,ZINGSA,-17.4738,30.9964
2940,OE6ISP_NeSDR,47.02,15.268
2941,BG7JAF,22.6348,114.0465
2942,SF3,35.1,-106.65
2943,BX2AI New Taipei Wanli,25.172154,121.675662
2944,Society for Space Exploration Ground Station,29.888,-97.947
2945,TenerifeHR,28.520263,-16.353864
2946,London,51.5,-0.11
2947,UT9UF,50.620194,30.950784
2948,Gustavo Ginard,-22.4791,-60.0416
2949,ps_ground_station1,39.862,32.739
2952,WB4BIV,35.7116,-78.5119
2953,Fixed Yagi SSW 45°,51.243108,4.488219
2954,Marcin HB9EGA,47.2,8.32
2957,BSMRAAU GROUND STATION,25.8908,89.4357
2958,F6AUC,43.49,-1.51
2960,Ham Radio QST,40.37429,-79.967049
2961,Main,38.495,27.048
2962,DK8EE Altenbeken,51.7636,8.9208
2963,Gary Day,50.94,-2.633
2964,I3LPO,45.6445,11.291
2965,Test,51.242912,4.4881
2967,narfu,64.598,40.616
2969,Artemis,41.56,-8.427
2971,ALTI1,53.398,-2.349
2973,Home,33.46,-86.61
2974,EA4K,40.19,-3.68
2975,HB9WDF,47.187922,8.075786
2976,Amir Ma'ruf,-0.971007,116.980285
2977,YC2VOC,-7.777266,110.310454
2978,iw2ogz,45.479,9.375
2979,iu0btm,41.944,12.524
2980,Mark EI4ACB,52.9783,-6.0433
2982,HALO-1,44.6427,-63.57349
2983,ON6YF,50.1,4.9
2986,PicoSat Ground Station,26.12269,89.1625
2988,Alejandro Cancela Becerra,19.932369,-96.855621
2989,E3T UIS Tracker,7.142122,-73.121284
2990,0.105-1.3 GHz Log-Periodic,43.585411,-116.339619
2991,L/S/C-band 1-meter Rotatable Dish,43.5854,-116.3396
2992,AlmaSegment_UHF,-21.383489,-42.697839
2993,Hummingbird-121,39.791,-83.999
2995,BA1DU,39.8125,116.4683
2996,Simon,52.6875,1.2084
2997,Up Andover,51.254149,-1.511411
2998,GS1,51.25414,-1.51141
2999,S-Band1,35.50144,24.0116
3000,S-Band2,35.50144,24.011605
3001,CSUM-B standard,43.3466,3.2222
3002,CSUM-B pract,43.3468,3.222
3003,CSUM-B exp,43.3468,3.2221
3006,Clarkson University Ground Station,44.66209,-75.001369
3007,JP-140/430M-Vdipole,35.718,139.765
3011,ThunGS,42.72,-8.3
3012,MXL-PortableGS Zero - NOT OPERATIONAL,29.5075,-95.0949
3013,Miroslaw,50.0145,19.8895
3014,Swidnica-Krasz-01,50.830982,16.493245
3017,PICOSAT GROUND STATION,25.902,89.433
3018,SKITRAC,13.055,80.25
3022,propulsion.industries,20.725058,-103.423208
3025,Ank_1,39.83,32.55
3028,m0dqw,51.804,-0.855
3030,g30scan,60.395,34.069
3031,Estacion LU5EIC,-33.331,-60.232
3032,BUT_UREL,49.22659,16.574723
3033,KEREL-OPTICAL-RP,49.73224,7.33627
3035,DO7OO WHQ,53.045626,8.891063
3036,MADURAS CERCA QUIEREN CONOCERTE UHF,20.692,-103.436
3037,Deltonator,37.571327,-122.037065
3038,Lab001,48.360895,16.981684
3039,TTGO LoRa32 V2,49.198,19.281
3040,Okinawa,26.33,127.8
3041,Pulchowk Campus GS,27.682492,85.320773
3043,OM6,49.198,19.251
3047,ON1KDP,50.001102,5.349483
3048,Big Dish,55.61522,37.618376
3051,sali sami,43.646,5.125
3053,DA0IGH,52.215,14.013
3055,Sion,3.02,101.5
3058,Carlos Cardenas,4.6875,-74.10573
3060,ps_ground_station5,39.868,32.742
3061,ps_ground_station4,39.782,32.763
3062,ps_ground_station3,39.925,41.2374
3063,ps_ground_station2,39.869,32.743
3064,Rick Tejera,33.6875,-112.2083
3066,oh8hub test,65.097272,25.385606
3069,geoscan4kids,55.395,42.069
3070,Test,39.84,32.82
3071,Bronco Space Ground Station - Main,34.0503,-117.813
3072,Talquipen,-36.617085,-71.917266
3073,DK3JR,49.877718,8.616681
3074,Marlieux,46.066,5.074
3075,RHIT SmallSat Ground Station,39.48,-87.317
3078,W1KGK,47.537922,-114.889123
3079,N9ZTS,42.576,-83.103
3081,BACKYARD,49.9222,6.9498
3083,raspi station,53.3,10.0
3084,UB3ALB-2,55.576179,37.14252
3086,BYU Spacecraft Parasitic Lindenblad,40.247089,-111.647828
3087,Bronco Space Ground Station - Auxiliary,34.05,-117.813
3088,Edin Ceric,44.764508,16.667029
3089,F1ETU,2.07,40.15
3090,F1ETU,48.15,2.07
3091,intermittent,-32.898724,151.733209
3095,Okan Demirel GS,39.846609,32.708535
3096,SatRX,49.485022,18.040602
3097,EI2JTB,52.3756,-8.7512
3100,SONIC.00: KARELIA,62.049,34.06
3101,SONIC.01: YOUNGAUTO,56.240873,43.868135
3102,SONIC.02: VEGA-SWITZERLAND,56.284432,43.979843
3103,SONIC.03: GÖYNÜK,36.6708,30.542
3105,SONIK: Test Station 0-3,60.0,30.0
3108,Home Station,44.722,-93.29
3110,MeteoElx,38.27643,-0.70997
3111,OutMediasP,52.633,13.209
3112,OO06uh,56.313,101.708
3113,AP2CM,33.52,73.05
3114,rangie89-satnogs-1,-37.888,145.257
3115,RETIRED - Longmont Test,40.183,-105.07
3120,Aalto Satellites S-band Dish,60.18714,24.81773
3121,F4FIA's QRA,47.29,4.7959
3124,Woodson Cubesat Gambia,13.57816,-15.5984
3125,portable,44.72,-93.29
3126,test,55.635,37.737
3128,Rowan University Ground Station,39.7029,-75.1118
3129,Hamid,18.0,4.0
3130,Roger,50.84727,0.1692
3133,W0QIS,38.881128,-94.64974
3134,NAPA1,19.97264,99.85074
3137,Elcxiela,-34.90584,-56.18156
3138,Allan,-26.327348,152.85127
3139,EI4HNB,54.665,-8.25
3140,VK6WAM-ONE,-31.8994,116.1817
3141,Niederklein,50.793,8.998
3142,BP Hasdeu Public Library Chisinau,47.026118,28.830781
3143,Rothney Astrophysical Observatory,50.86981,-114.291867
3146,Testing Station,40.485531,-37.0
3147,David Pykett,53.54664,-0.17139
3148,Station Sol EAE,43.62,5.114
3149,Bober Rogol,49.73,21.43
3151,ZenGroundStation,-21.999,-47.897
3152,Hanos Helix,9.005401,38.763611
3154,DFN Forrest Airport,-30.858043,128.115056
3155,test11,13.5874,100.58
3156,QF56PF,-33.754865,151.286696
3157,HS-MarsOnEarthProject-3-Rize,41.045643,40.616711
3162,YD1RUH,-6.184236,106.719399
3163,Eric Chambers,42.248,-83.588
3165,Khwopa GS,27.671,85.4392
3167,EscuchSat,6.0,42.0
3169,DISCOMobileGroundStation-Iceland,64.128288,-21.827774
3170,OE6ISP,47.02,15.267
3172,USM_SAD,5.147,100.494
3173,vce,17.254645,78.306515
3174,PU3XGS,-29.696,-51.089
3175,Hainesville,42.35,-88.059
3176,Team RKS (V-Dipole/VHF),39.543,-104.93
3177,Hetzal Hartley,37.22,-80.03
3178,LU8ARE,-34.608,-58.472
3179,Cartlidge Home,52.901914,-2.504163
3181,SF4,35.42,-105.42
3182,Beci,44.4353,26.1028
3185,TT01,41.619423,0.629241
3186,Elex_075_GS,27.671114,85.439625
3187,VK5DC,-35.045452,138.868366
3189,KP3V Satellite Station,18.372528,-65.726223
3191,Tainan Testing Station,22.9244,120.38
3192,goldrakv2,39.49,-8.54
3193,Newbigging Radio Shack,55.436298,-2.467468
3194,zouma,-1e-06,-1e-06
3195,Wolfenstein-004,39.562,-104.801
3196,justatest,4.0,4.0
3197,2M0CSZ,56.1141,-3.7919
3202,wb7tob,44.771,-117.875
3203,"KK7NBH - Scottsdale, Arizona, USA",33.577,-111.922
3204,Miribel F1SYH,45.829,4.946
3205,Philip Schechter,37.57,-105.41
3207,EA9E STATION,35.892074,-5.333492
3208,EggNOGS-Saline,42.1915,-83.8073
3209,NCUE,24.96694,121.18944
3212,PD1DBL,52.00679,4.22411
3213,roger's station,52.17,5.38
3217,G4JQX,51.2826,-2.0763
3219,KK7IGS,39.003,-76.876
3220,PA3JH,51.4612,5.465445
3221,JOHAN SUWONDO,-3.701125,128.185914
3222,Testa,5.0,10.0
3223,HERON Mk. II Ground Station,43.659972,-79.397203
3224,EA1ISE SAT´s,43.461526,-3.81952
3225,TestGS,44.838,-0.579
3227,EA1ISE,43.4613,-3.8194
3228,fzeppenf,51.5,4.22
3230,BX6AP@NKUST ground station,22.726,120.314
3232,SN_1,42.0,-88.0
3233,VE5BNC,52.096,-106.633
3234,Daedalus,37.905833,23.777222
3235,ZfT-Satnogs,49.787,9.968
3236,GOTAS,30.145224,-97.878426
3237,N4RAB,47.098,-122.821
3238,THAMMASAT,14.068998,100.606047
3239,GS_LU5MCT,-32.923937,-68.86053
3240,Experimental-GS,47.377,8.539
3241,KY4ZC Home,36.09448667,-78.93061758
3242,ICTI_ET,16.760155,-93.102363
3243,JRB2-DEV Ground Station,30.546329,-87.864115
3245,Home,43.65362,-79.590797
3246,KASI Ground Station,36.39963,127.375271
3248,CAPDS-1,-16.4656203,-71.4931912
3249,n8xhf,36.44428,-76.089253
3250,EA2EYI,42.857946,-2.669663
3251,VK6BBT,-31.9003,116.139
3252,2E0VGC,50.706562,-2.140247
3253,W1,52.232,21.01
3254,Polaris,37.738,-121.921
3256,AA4SS,37.079,-79.995
3257,tausen-dipole,56.789,9.688
3258,NuSpace SN1,1.299128,103.771457
3259,NuSpace SN2,1.299,103.771
3260,jeffrey griffin,39.7,-75.05
3261,F4ELJ,48.3432,-4.7157
3262,test_kp_1,50.278248,18.686035
3263,GS,17.435893,78.456556
3265,NST,16.24,80.647
3266,FoxBat19,8.889,76.619
3267,German Shepherd man's Ground Station,51.65889,0.8243
3268,HS8PRF-02,14.005618,100.620586
3270,apart,45.478,4.363
3271,ON4ULG,50.587,5.569
3273,CAPDS-2,-16.465617,-71.493255
3274,IK1ICF,45.716,8.453
3275,HB9TVK,47.36474,8.4631
3276,WingAttackPlanR,38.88,-77.11
3277,Ground_Station_HTLR_1,47.225029,9.58509
3278,Ownerlab,20.0,40.0
3279,KD2XS,40.9792,-73.8904
3280,VlzStation,48.78,2.178
3282,ha7dcd and decent.org,47.51747,19.53215
3283,Walton Institute - VHF/UHF - Omni,52.253,-7.188
3285,202M,44.442819,26.067976
3289,AggieSat QFH,30.64371,-96.347248
3290,University of Bristol,51.457,-2.602
3292,ARIS SAGE GS,47.37749,8.55257
3293,AggieSat Yagi,30.618611,-96.344167
3294,Pablo H. Castro Blanco,-34.6458,-58.4583
3296,ChateauSegundo,33.91674,-118.41384
3298,PV8IA,2.829,-60.676
3300,PTS Ground Station,52.407,13.19
3305,SONIK: Test Station 5,55.6995,37.5285
3306,SecureSat,32.986,-96.75
3307,HTLR-UHF,47.449768,9.832987
3308,EI5GN,52.96888889,-6.02333333
3309,Michel Dom ON3ONX,50.9107,4.3788
3312,DL1JHR,50.5647,12.9833
3314,ZL2FL,-41.32,174.818
3316,Bitshifter,51.592865,6.993908
3317,NM6S-1 Experimental,37.2708,-121.9583
3318,test,26.373,-80.104
3321,ESP32_Station,39.83,32.85
3322,VU2TUM,28.38958,76.95235
3323,GS JIED,7e-06,3e-06
3324,MADeville,43.562245,79.616191
3325,OM1ATB Bratislava Slovakia,48.203295,16.973379
3326,IU4MEP,44.87282,11.14619
3328,Wimpie12,52.2628,5.6148
3329,Station-sol,31.617,-8.033
3330,GS002-35FR,48.0481,-1.5
3331,Slavyansk-on-Kuban,45.258191,38.101859
3332,EI6GSB,53.85,-6.534
3334,KAIST ASCL,36.372143,127.358324
3335,Steve EI2GYB,55.27,-7.24
3337,EC6TR-RX,39.688,2.84
3339,4S6SAD,6.73145,80.0725
3340,Pi test,51.488,-2.754
3341,CHASQUI II,-12.019723,-77.048612
3342,Alamogordo1,32.880502,-105.933328
3343,Alamogordo2,33.011,-105.992
3345,VA6RPI Test Station,54.89,-112.299
3346,Alamogordo2A,33.010964,-105.992412
3350,NST,17.4305,78.409
3352,Miguel,32.64,-16.91
3353,Tenali,16.239,80.648
3354,K1RA,38.742,-77.798
3356,DDGRUTNY,51.0378,13.7873
3357,Frank Hoonhout,44.88196,-123.076767
3358,SatTrackCam,52.15412,4.49081
3359,mboro,35.864365,-86.472557
3360,ESTRECHO,36.1194,-5.4439
3361,Campus Zuid,51.202824,4.390734
3362,YD2VGS,-7.870746,110.140197
3363,Wolverton EI6KO,53.276,-6.104
3364,EI5IN,53.526782,-7.354422
3365,Nial,51.5339,0.5658
3366,EI5IXB,53.3314,-6.325
3367,Roberto,42.767641,10.396062
3368,Science Talenter - VHF,55.429696,11.559669
3369,EST VENUS,46.52,6.565
3370,CUBESAT XI-IV,-40.96,-54.6
3372,Science Talenter - UHF,55.423059,11.55569
3377,BH7AHS,29.6004,111.9314
3380,Ground Station Qo-100,41.5,13.0
3383,Gabriel de Castilla,41.1227,-0.5094
3384,SQ2TMC / SQ2BNY,53.0034747,19.05233
3386,RA3PPY-School29,55.43,37.519
3388,N6YG,38.8542,-121.2916
3389,Dipole V,-16.411,-71.5
3390,narfu_it_park,64.527,40.561
3391,ZL3LEO - Christchurch,-43.561,172.565
3392,testing,33.184285,-111.577218
3393,KL2R-SAT1,64.87484,-147.093292
3395,SP5LAG,52.156158,21.033433
3396,carlos gutierrez,14.547458,-90.541995
3397,NLL,19.0461,72.8711
3398,array_labs ground station,37.445,-122.166
3399,VU2UUU Kaustav,28.423,77.092
3403,heisenberg,45.459,-73.423
3404,sonicepk,53.29629,-6.27982
3405,CT3FM,32.647431,-16.918178
3406,Kerry LaDuke,45.5,-110.5
3410,SerraSDR,-6.68881,-35.44732
3411,M5JFS,50.8542,-1.125
3413,SURAT_STATION,8.567127,99.40637
3414,SPL2,24.967,121.187
3416,WSL2,25.139,121.751
3417,m1cdq,53.513,-0.109
3418,"""kishh  ""kishor",19.5209,74.9584
3419,haxorthematrix-1,41.889,-71.596
3421,BELGRADE-YU2MP-001,44.804,20.372
3422,VU2UKR,23.248606,77.435
3423,BiberSat,48.522,10.803
3425,ntou,25.150597,121.779973
3427,KG4JYA,39.799,-75.162
3428,Trier - Oldest City of Germany,49.813,6.421
3429,DK8EE,51.763,8.92
3430,FGBOU VO «OGU imeni I.S. Turgeneva»,52.975859,36.061852
3433,HA5MI,47.508395,18.989147
3435,2E0PXC,50.386,-4.213
3439,KI5MJH,30.185,-95.749
3443,ExpoSat UHF,43.36,-5.85
3444,DancerVLT69,52.67767,13.16203
3445,Test,15.0,59.0
3446,UFMA Ground Station,-2.565107,-44.311719
3447,AAM Oman,17.055,54.176
3449,ON7IO new,50.65416,4.55212
3450,VK4TTC,-27.2445,153.1009
3451,Chiapas_1,16.7602,-93.1024
3452,SPARRSO Ground Station,23.7809,90.3788
3455,GS-DARKSTAR-DSC01,48.921645,2.504407
3456,Home,43.25,-2.92
3457,Ceyrat,45.73,3.06
3459,A-BBI-SUDIP,20.2961,85.8245
3460,dragon's lair,47.41,18.9
3463,MOVIL-TEST,40.967,-5.668
3464,singdx,-1.631597,103.545486
3465,SP2KMO,54.154,18.381
3467,Carbform_SatGS,13.01778,77.5675
3468,aleshko,64.546,40.513
3469,CSEP,48.713,2.2121
3470,AStation,49.852,3.287
3472,Gem Prospecting Pty Ltd t/a Pirates Gold Pros,-28.9211,121.875
3474,2E0FWE QTH Setup,50.757083,-1.864474
3475,DG5YHK,52.098,6.98
3476,Big Bay GS,-33.0,18.4
3477,andrea-vhf,45.558,9.224
3479,Power Two,10.869973,106.803594
3481,OE6ISP_LORA_435,48.22,23.0
3483,AUS01,-34.77174,138.72427
3484,test,26.38,-80.079
3485,Santiago Blázquez,43.328854,-1.818542
3486,KO4ASA,37.18322343857511,-88.92302420745733
3487,YO6FFW,45.657,25.513
3488,space machines,-33.86882,151.20929
3489,RebelBS,41.20061,-8.66818
3490,DH1OK,48.9188,9.4381
3491,SFU GS,49.279013,-122.927311
3492,space pi,-33.9106,151.1564
3493,Alan Alves,-23.4602,-46.7021
3494,KE0RSB,38.885,-104.844
3496,Deva YO2UKI,45.871844,22.909724
3497,pi 5,41.795261,-87.975319
3498,pi 5,41.4646,87.5832
3502,EA3GKP El Prat,41.329992,2.089403
3503,IW9GUR,37.524485,15.084193
3504,EA2CQ,42.847,-2.673
3506,ANDRE DE OLIVEIRA,-22.8958,-43.2917
3507,EI0RSI - Radio Scouting Ireland - 1MH,53.66,-6.724
3508,KEREL-UHF-RLP,49.732,7.336
3510,satuser21-home,54.054,-1.703
3513,F1VDE,46.206616,4.344038
3515,Ground Station for project,13.776,100.4
3516,José Jacobo Pacheco Lémus,14.56457,-89.335789
3517,Allan Downie,-26.327222,152.851111
3518,test 2.4,55.659799,12.591413
3520,Luis Enrique Velez Roman,4.084722,-76.198611
3522,EA7IQZ,36.7292,-4.2916
3524,IU0ESP-6,42.48564,12.85509
3529,NPA-1,-16.74,-49.204
3531,Licey,54.211,49.6087
3532,Stn01,44.649897,-63.66323
3535,LU5HDX,-31.401106,-64.195503
3536,VU3BIZ_IRG LABS,12.7079,78.3205
3537,IK1JNS-YAGI,45.07,7.52
3539,Satellites Ground Station of BG7ZDQ,20.051227,110.332002
3540,JI1DOD-UHF,35.661,139.527
3541,ORFANIK,50.1322806,14.3671389
3542,JSS STU,12.313858,76.613501
3546,Janksyn,-23.30535,-51.160895
3551,2E0HWE,53.01,-1.73
3555,F5KFF,48.853816,2.5386209
3556,Chlistov11,49.7998106,14.6550764
3557,PiASECKIsat,50.9334748,-1.4646287
3559,SDR,45.424722,-75.695
3560,OK1UM,50.141,13.965
3562,Hironobu Ohnishi,34.49630599974656,136.70917331763718
3563,EA5i,39.183,-1.783
3564,test,37.243,127.0801
3566,Phil Gabel,52.143184,-0.936864
3568,RPI3-TLM,53.77,-2.417
3569,DO3HCM,48.1006346,11.286329
3570,DC4HF,52.2372,11.0011
3571,HJ6DIE,4.836,-75.674
3574,Chet's SuperAntennaz UHF,37.354,-122.017
3575,IITBSSP_GS,19.131,72.918
3577,EA5ILX,38.953,-2.541
3578,Nsst,30.80374919225143,30.99963550099284
3580,HK1J,10.39599,-75.55703
3581,UNB Geodesy & Geomatics Engineering,45.950151,-66.642319
3583,Barcelona,41.37894,2.153578
3585,neos,-16.6274,-49.3356
3587,Tel-U Ground Station,-6.975504,107.6293934
3591,LEO-SAT Essen,51.4739,6.931333
3592,N8DSK - Home,30.446284,-90.062474
3593,KT3X SATNOGS1,30.09669,-95.62804
3596,Yavin-4,48.267,11.671
3601,sm0ffe,59.302,18.104
3604,NU1U Sat Gear,41.576994,-72.511516
3606,145 MHz Ground Station TEST,26.6983,-81.7001
3608,APRS_UHF,41.5,12.7
3609,PU2NZX,-23.55046148904303,-46.303414599448715
3611,Navodaya School Ground Station,27.619,84.537
3612,TA2VZ,39.899,32.633
3613,YL1VA,57.3849,21.5458
3614,K6AGA - Aris,34.116926,-118.062009
3615,JI1IZR,35.35,139.32
3616,W9BBM,41.934488,-88.167686
3617,AA7TA,33.363,-111.904
3618,BinarX_VK6MEG,-32.066623,115.795666
3619,Waag Futurelab,52.3728,4.90036
3621,Masaji Ishihara,35.0,135.67
3623,Sat-mem,40.621208,22.969585
3624,hackerspace.gr test station,37.999,23.706
3626,Nesheim Ground Station,59.4641191,5.57391119
3628,OH6CAD,63.85927,23.12343
3629,John Delwiche,44.4583,-93.1616
3631,HI0SAT-1 VHF Experimental Station,18.4873448,-69.9458082
3633,SSAMUSAT-GS,27.916,78.08
3635,NUGS,42.478592,71.192033
3637,shonan-space,35.338889,139.487222
3638,NUGS,42.478592,-71.192033
3639,F1GZV,44.064,5.039
3642,Gateway-LX,49.736,6.119
3644,DL7NDR-VHF+UHF,48.65,8.04
3645,RTLSDR,42.54745605657491,-71.00145788462471
3648,Fun,39.3513,-84.3027
3649,Fredericton North Ground Station,45.96299067991878,-66.62266471226759
3651,PU4RON,-15.8264449,-43.314688
3653,BY2HIT,45.75639,126.675
3655,SPL-Ta Hwa,24.88,121.17
3656,Diogo Ferreira,38.6932,-9.3013
3658,KE4PIC - ROA,37.199,-80.025
3660,CT7ABP,38.734,-8.97
3661,S221GS,14.7449389,-17.2099425
3662,GVPIOM,54.1783,-4.5539
3663,Laconia Municipal Airport,43.572,-71.425
3664,S Handler,42.1663,87.9631
3665,F4HXS VernObs UHF,49.103662052,1.499140167
3666,Dan Newcomb,50.5580556,-119.73
3668,Midwest Scan,45.2513,-94.1808
3670,CT2HBZ Ground Station,38.89,-9.046
3671,syssec@utd ground station,33.130556,-96.673333
3672,G0pten1,54.504,-6.031
3674,TASA,24.78376716540085,121.00160346533686
3675,Ronald ZS6RVC,-26.14597349,27.96784401
3676,TUYI Ground Station VHF-UHF,39.8906,32.7779
3678,ZR6DM @ Hekpoort - -VHF Only west,-25.8595,27.6191
3679,Cederberg Observatory,-32.499,19.2525
3680,UTD ECSS groundstation,32.98614206415219,-96.75149041576816
3681,SF6,35.68,-105.93
3684,Station 01,33.702,-117.756
3685,NIE - ANUSHA,12.31318583,7.6109554
3686,Marvin,35.255205,25.070212
3687,I6JOW,41.896,12.542
3688,Pi 5 Test Station,51.094105,0.051777
3690,German Orbital Systems,52.527401,13.324121
3692,StationHelen,51.752779037503096,-1.2773990760296667
3694,STARFLEET-HQ,39.1294475,-76.7520955
3696,N7GTX,45.5409057,-122.6369517
3697,rookery,53.162872,-2.99084
3698,CT7ATV,41.5308333,-8.303611111
3699,Måløv - Rubens,55.75,12.33
3700,FAB24 - IDIT FabLab Puebla,19.0716297,-98.2340202
3701,PMR-CC,61.61448,-149.206913
3702,SP4EVA,53.7635,19.691
3704,ESOC Radio Club 2,49.87,8.62
3705,"Marion, Ohio",40.583,-83.074
3706,AI7YZ,32.1278291,-110.8720568
3707,M7YBS,53.696,-0.356
3708,Tondela GS,40.51509,-8.086568
3710,KD0WUV,45.0468,-93.4747
3711,TA2OTD_UHF_SouthEastDipole,39.876903,32.681093
3712,EMANUELA,56.125161,27.015636
3713,IU1BOT-sat,44.3102,9.3359
3719,OF77XW,-32.05,115.95
3722,Station One,55.954,-4.924
3743,Ahmed Perez,-2.377593,-80.700033
3747,WeatherSAT_MUC,48.101,11.66
3749,K7ctm,45.684716,-109.400519
3751,VU2FFW,12.89,80.19
3752,HSB UHF,53.071673,8.793408
3754,CS5CEP North Tower,38.737,-9.302
3759,I2GPG,45.264167,8.860556
3760,ray,45.776,-108.566
3761,XE3JCL,21.00589,-89.562
3764,LOCAL_CERNAY,48.6732,1.976
3765,GS Bad-Schönau,47.48783007048164,16.2532896696595
3766,NiskayunaWeather,42.75,-73.85
3769,Brian Dempsey,39.584845,-75.977045
3773,F4TNK-L,43.81478,4.062577
3774,ZS6LOL,-26.141044,27.902582
3778,LA1NGS,63.418228205497634,10.399579547821055
3779,Lloydminster,53.292,-110.016
3780,1-WEATHER-RX,1.2947,103.7748
3781,KI5TPT - QFH,31.96,-102.2
3785,tul-small-ground-station,50.278345,15.014517
3787,F4ISE,45.208,5.666
3788,test_1,55.860916,-4.251433
3789,M7SYR,51.260428,-0.149271
3790,Stirling WA,-31.890286,115.820105
3795,IMT-NSEE,-23.648713822779907,-46.57208011699988
3796,Universidad Austral de Chile - station test,-39.832,-73.245
3802,SavannahNOG,32.076,-81.088
3807,DL5RAZ,48.9657,12.3937
3812,kb9ab,35.88649,79.06357
3814,vk6drd_perth,-31.9514,115.8617
3818,RGLK - TEST,47.486,19.123
3819,EA1FWI-UHF,42.6098,-5.582
3820,F8KGYSAT,49.34349,6.16056
3822,Kaze-GRS,51.693,-2.376
3823,Outlyer Space Ground Station Prototype,38.935,-77.109
3825,NPA-UFG,-16.6779498,-49.241591
3826,vk5mhz,-34.869465,138.508598
3827,_S_S_SGS,31.175947,121.250118
3829,UPrueba,4.661113,-74.059681
3830,UNSAM GSN - Miguelete,-34.581,-58.523
3831,KE0RVP,39.954559,-104.586578
3833,BUPT_SatNOGS,39.908,116.555
3834,Olivos Ground Station - LU9DNA,-34.514382,-58.476152
3837,KX4OP_QFH-433,36.784,-76.156
3839,TROS-TUR-VHF/UHF,48.9209033,16.4338258
3840,My Station,29.81081225,-81.31440950000001
3841,porto,37.1708,-3.6008
3842,HTL MOEDLING 1,48.1681704,16.2711704
3844,KI5YNG pi4 rtl-sdr qfh,33.6037,-88.6476
3845,KeystoneMakers,40.335,-76.959
3846,Dhritvan Space Lab,13.3957,77.727
3849,9A6NDZ,45.890911,16.83692
3851,9A4AM,45.4747,16.7635
3853,novigrad_podravski,46.073428,16.948716
3854,9a9zg,45.84546,15.95805
3855,GS Nord UHF,50.700016491190006,2.849939067457954
3856,SP2ZIE,54.523845,18.513308
3858,Noderyos RTL-SDR Dipole 2m,44.2,5.93
3859,VejvyCZ,49.9964306,14.8278572
3861,CIPR,40.200642,44.581514
3862,KE9BPC,41.3854,-87.34
3867,ZELJKO ULIP 9A2EY,45.81,16.0
3868,YO2MBU,45.719125,21.22942
3870,VE7XHK,48.464992,-123.442909
3871,MalvaRosa,39.48242,-0.332931
3872,R6LLC_GS,47.2,38.9
3873,Ground Station - OE7GHJ,47.51,12.13
3874,RAVAG,48.1592,16.3152
3876,Adhrutha S M,12.288043722701683,76.62491965644719
3877,VU2HS,26.620934,84.219067
3880,m0pkz,52.9115,-0.6418
3882,Instituto Argentino de radioastronomia-IAR,-34.866746881147705,-58.13966634529434
3883,BEACON,53.10234332241441,8.858939511774071
3884,HAAEA,21.296957,-157.815958
3886,Stormraider,45.817,16.033
3890,TA3TGC-HS-MarsOnEarthProject-3-Rize,41.04,40.61
3892,CAITHNESS SPACE,58.437511,-3.08686
3894,F4EIH,47.818,-2.811
3895,9A3ST,45.077812,14.11898
3896,Luci,46.39375,16.45416667
3897,DL2GFS-UHF,48.531,8.867
3898,DM1MK,52.66,9.62
3899,SUNSIG - VHF-UHF,37.760061667,-122.497736667
3901,BinarX Student Ground Station Test,-32.0094,115.897
3903,Mevlüt,40.99,39.72
3909,BG6HTI,30.58,116.057
3910,Micks-test,-34.685836,138.658096
3912,Astromiño - Core,42.134932,-8.471386
3920,Hack-In-GroundStation,43.5130090512105,5.44299137295593
3923,JAVIER GOMEZ,37.4086918,-5.9836373
3924,Test,55.8617,-4.2583
3928,heltec test,51.4337,4.5053
3932,EA4HXE - In test,40.45,-3.48
3933,S-W32,50.224722,-5.083355
3934,AtomicsRadio,41.13062,-96.0857
3935,Mardella,30.433283,-87.240372
3936,Robert Karns,44.5579,-69.6393
3938,EA6AMR,39.525062,2.498995
3941,Sergey,47.966,33.455
3942,DA6AMR,49.67,12.14
3945,HAAEA 2,21.293447,-157.828401
3946,LZ1MZK-1/Sofia,42.677,23.311
3947,JF9SOM,36.084455,136.376332
3950,Spudnik,29.692979,-98.345851
3954,oa4dex,-11.5345,-77.023
3955,DG4EAR,51.450832,7.013056
3958,Ronan Teixeira,49.252095,-124.074831
3959,LSCG Ground Station,53.8096031,-1.5548357
3960,CT1DSH,37.01937,-7.93223
3963,Nanaikalani,21.35,-157.867
3964,EA2NN,39.9672538,-6.6632405
3966,QB 01,48.8727,2.3382
3967,radioTELETTRA_Cittaducale,42.385,12.953
3969,Churchlands SHS Yagi,-31.91904,115.78902
3971,Will - KF0RLZ,42.788554,-91.108502
3972,EA1FWG,43.5375841,-5.6469897
3973,proton_station,47.66220550840744,-122.31462883664544
3975,Utah Tech Earth Station,37.095167,-113.575974
3976,Reicarnatted Philosopher,31.0,75.0
3977,Smok,50.095,19.985
3978,DL7AG,52.4772512,13.3218159
3979,ON3BHV,50.4703,5.6309
3980,NI2O,40.04599667,-75.40414167
3981,NLL-G1,19.0462,72.8709
3983,PuseyScience,-32.001066,115.861728
3984,Universidad UTE,-1.0351900161431469,-80.66261311814159
3985,ov,32.438114,-110.942984
3986,QR5,-37.83130912,145.30713095
3987,KE8YGW Home,40.84626504891964,-82.3748165221268
3990,BrokenAnkleFarm,45.581,-89.5
3993,F4AJS,46.13,3.45
3995,oa4dex,-11.88747,-77.0222
3996,KBG_Statio_TEST,59.659,9.6378
3997,Ground-BrisketRF,33.684,-117.793
3998,K5WUT,35.8614,-97.9317
4000,OnB Space,36.5144,127.238
4002,Limonero,39.466667,-0.375
4006,Peace River,56.2597,-177.2924
4008,TH-01SAT,21.0195,105.857
4009,Prague-Test,50.1336831,14.4979689
4010,F4KLK,48.89532405341324,2.1866621150848315
4012,satNOGsST-12,59.7593659,10.2908474
4014,Ricardo Lucas,-24.180814,-53.015251
4016,P_FAL-UHF,50.151446,-5.063159
4017,GypsySat,30.237,-85.625
4018,Spenceaway_GNDSTN,30.654,-88.256
4024,remotesdr,6.502626,51.3735
4025,SQv1,30.0187,-97.1614
4028,Churchlands Ground Plane,-31.919,115.789
4031,Nightbird 01,49.4333,12.5833
4032,R2FDW,54.718,20.461
4033,IAAT_UHF test,48.534205,9.070358
4037,Los_Petros_GS,55.867,38.196
4038,YD2VLN,-7.76884773001069,110.41050793561352
4040,DL9CAT,49.48713,11.07431
4042,testing,25.0,25.0
4048,Melb-Test,-37.80823,144.96459
4050,Jerry's Station,31.1,121.4
4051,Bhathra,12.274844,79.485588
4054,SSAMUSAT-GS2,27.9238,78.0973
4055,Signal Voyage Cubesat Ground Station,40.1465,-78.9114
4057,VU3FGJ,15.522647367854786,73.83191308506439
4059,ps_ground_station2,39.5856,32.6616
4064,NokiaProjectSATNOGSAntenna,51.2,17.4
4065,VihtiSAT-GS-2,60.367,24.438
4069,gossat,52.312513,6.713811
4070,Cerga-Acri-ST,43.66541,6.91497
4071,John Luxford,-31.8624884,115.8430156
4076,Cartwright Ground Station,49.09389580000001,-99.341467
4080,"EarthStation51-Marion,Ohio",40.5933,-83.10648
4083,mc-satNOGS-pi,38.7525,-121.2894
4088,EDDH202,53.676,10.152
4089,Darley Dale Ground Station,53.15334,-1.571902
4090,Main,51.255023944369846,-0.9402844817283712
4091,lu4ba,-34.50852,-58.51026
4093,fireball,36.35041119,127.3845475
4095,shkc2086,55.696,37.549
4096,Idk,37.94,23.705
4097,Ipswich VHF Ground Station,52.038249,1.182678
4098,PLKFLPY (VR2UMD),22.374,113.9953
4099,NUUGS001,21.293,-157.8268
4100,Berlin-TestGS,52.52,13.405
4102,Section III Observer,28.6016,-81.2005
4103,EREBUS,35.065751,-106.669979
4105,bellville station,-33.9,18.6333
4107,VNSC,21.021177,105.544939
4109,ipl31-satnogs-01,47.551071,-121.911864
4110,SatNog-Newnan,33.443,-84.7806
4111,Plyachka,42.482873,23.446188
4112,Corrado Mauri,45.69,9.18
4116,YD1EXT,6.2500418,107.0061976
4120,standalone,32.6575,-99.8445
4121,Lima Node,-11.9925827,-76.7988807
4123,Groundstation ST,39.864101,-4.3496
4127,IW9GTD,37.95,12.514
4129,Chuo-Ichigaya,35.69,139.74
4132,Nelson Livingston,39.355864,-84.13435
4134,krzysztof_sat1,52.134,21.065
4136,estima5633,35.01127,137.07724
4137,IV3JGE,45.616,13.83
4140,Málaga,36.72016,-4.42034
4141,MAIN,42.5259,-70.9272
4143,Culver,34.025568,-118.385218
4144,test_station,48.9235,9.1299
4145,SP2ZIE-2,54.523955,18.513258
4146,Gilbert St Station,38.79005,-77.18416
4148,RPi,50.9658,7.9981
4150,ccn-lbezamat-test,33.417588,-111.932708
4152,M6FLT High Wycombe,51.6311,-0.7419
4153,SP5PW,52.15,22.24
4154,Rasperry USA,4.661177,-74.059729
4155,tcm-c9_TEST,52.497,13.513
4156,UADL-NCU,24.9715,121.19193
4157,JAYAPURA SATGATE YF9UAG,-2.569003,140.687862
